[Data],,,,,,,,,,,,,,,,,,,,,,,,,,,,,,,,,,,,,,,,,,,,,,,,,,,
Lane,Sample_ID,Sample_Name,GenomeFolder,Index,Index2,bait_name,default_library_type,default_tag_sequence,default_tagtwo_sequence,email_addresses,email_addresses_of_followers,email_addresses_of_managers,email_addresses_of_owners,gbs_plex_name,is_control,is_pool,lane_id,lane_priority,library_name,organism,organism_taxon_id,project_cost_code,project_id,project_name,purpose,qc_state,request_id,required_insert_size_range,sample_accession_number,sample_cohort,sample_common_name,sample_consent_withdrawn,sample_description,sample_donor_id,sample_id,sample_name,sample_public_name,sample_reference_genome,sample_supplier_name,spiked_phix_tag_index,study_accession_number,study_alignments_in_bam,study_contains_nonconsented_human,study_contains_nonconsented_xahuman,study_description,study_id,study_name,study_reference_genome,study_separate_y_chromosome_data,study_title,tag_index,
1,25385022,7855900,,TGCGGCGT,CCTCGGTA,,HiSeqX PCR free,TGCGGCGT,CCTCGGTA,ssss@sanger.ac.uk,,ssss@sanger.ac.uk,ssss@sanger.ac.uk,,0,0,26088543,0,25385022,,9606,T4600,,,standard,,,from:450 to:450,,,Homo sapiens,0,,7855900,4095118,7855900,,,1277994,888,,1,0,0,UK Whole Genome sequencing study,5392,UK Study,Homo_sapiens (GRCh38_15_plus_hs38d1) %5Bminimap2%5D,0,UK Study,1,
1,25385034,7855901,,CATAATAC,TTCTAACG,,HiSeqX PCR free,CATAATAC,TTCTAACG,ssss@sanger.ac.uk,,ssss@sanger.ac.uk,ssss@sanger.ac.uk,,0,0,26088543,0,25385034,,9606,T4600,,,standard,,,from:450 to:450,,,Homo sapiens,0,,7855901,4095119,7855901,,,5455485,888,,1,0,0,UK Whole Genome sequencing study,5392,UK Study,Homo_sapiens (GRCh38_15_plus_hs38d1) %5Bminimap2%5D,0,UK Study,2,
1,25385046,7855902,,GATCTATC,ATGAGGCT,,HiSeqX PCR free,GATCTATC,ATGAGGCT,ssss@sanger.ac.uk,,ssss@sanger.ac.uk,ssss@sanger.ac.uk,,0,0,26088543,0,25385046,,9606,T4600,,,standard,,,from:450 to:450,,,Homo sapiens,0,,7855902,4095120,7855902,,,2658259,888,,1,0,0,UK Whole Genome sequencing study,5392,UK Study,Homo_sapiens (GRCh38_15_plus_hs38d1) %5Bminimap2%5D,0,UK Study,3,
1,21210572,phiX_for_spiked_buffers,,ACAACGCAATC,,,,ACAACGCAATC,,,,,,,1,0,26088543,0,21210572,,10847,,,,standard,,,,,,,0,,,1255141,phiX_for_spiked_buffers,,PhiX (Sanger-SNPs),,888,,1,0,0,None,198,Illumina Controls, ,0,,888,
2,25385022,7855900,,TGCGGCGT,CCTCGGTA,,HiSeqX PCR free,TGCGGCGT,CCTCGGTA,ssss@sanger.ac.uk,,ssss@sanger.ac.uk,ssss@sanger.ac.uk,,0,0,26088544,0,25385022,,9606,T4600,,,standard,,,from:450 to:450,,,Homo sapiens,0,,7855900,4095118,7855900,,,1277994,888,,1,0,0,UK Whole Genome sequencing study,5392,UK Study,Homo_sapiens (GRCh38_15_plus_hs38d1) %5Bminimap2%5D,0,UK Study,1,
2,25385034,7855901,,CATAATAC,TTCTAACG,,HiSeqX PCR free,CATAATAC,TTCTAACG,ssss@sanger.ac.uk,,ssss@sanger.ac.uk,ssss@sanger.ac.uk,,0,0,26088544,0,25385034,,9606,T4600,,,standard,,,from:450 to:450,,,Homo sapiens,0,,7855901,4095119,7855901,,,5455485,888,,1,0,0,UK Whole Genome sequencing study,5392,UK Study,Homo_sapiens (GRCh38_15_plus_hs38d1) %5Bminimap2%5D,0,UK Study,2,
2,25385046,7855902,,GATCTATC,ATGAGGCT,,HiSeqX PCR free,GATCTATC,ATGAGGCT,ssss@sanger.ac.uk,,ssss@sanger.ac.uk,ssss@sanger.ac.uk,,0,0,26088544,0,25385046,,9606,T4600,,,standard,,,from:450 to:450,,,Homo sapiens,0,,7855902,4095120,7855902,,,2658259,888,,1,0,0,UK Whole Genome sequencing study,5392,UK Study,Homo_sapiens (GRCh38_15_plus_hs38d1) %5Bminimap2%5D,0,UK Study,3,
2,21210572,phiX_for_spiked_buffers,,ACAACGCAATC,,,,ACAACGCAATC,,,,,,,1,0,26088544,0,21210572,,10847,,,,standard,,,,,,,0,,,1255141,phiX_for_spiked_buffers,,PhiX (Sanger-SNPs),,888,,1,0,0,None,198,Illumina Controls, ,0,,888,
3,25385022,7855900,,TGCGGCGT,CCTCGGTA,,HiSeqX PCR free,TGCGGCGT,CCTCGGTA,ssss@sanger.ac.uk,,ssss@sanger.ac.uk,ssss@sanger.ac.uk,,0,0,26088545,0,25385022,,9606,T4600,,,standard,,,from:450 to:450,,,Homo sapiens,0,,7855900,4095118,7855900,,,1277994,888,,1,0,0,UK Whole Genome sequencing study,5392,UK Study,Homo_sapiens (GRCh38_15_plus_hs38d1) %5Bminimap2%5D,0,UK Study,1,
3,25385034,7855901,,CATAATAC,TTCTAACG,,HiSeqX PCR free,CATAATAC,TTCTAACG,ssss@sanger.ac.uk,,ssss@sanger.ac.uk,ssss@sanger.ac.uk,,0,0,26088545,0,25385034,,9606,T4600,,,standard,,,from:450 to:450,,,Homo sapiens,0,,7855901,4095119,7855901,,,5455485,888,,1,0,0,UK Whole Genome sequencing study,5392,UK Study,Homo_sapiens (GRCh38_15_plus_hs38d1) %5Bminimap2%5D,0,UK Study,2,
3,25385046,7855902,,GATCTATC,ATGAGGCT,,HiSeqX PCR free,GATCTATC,ATGAGGCT,ssss@sanger.ac.uk,,ssss@sanger.ac.uk,ssss@sanger.ac.uk,,0,0,26088545,0,25385046,,9606,T4600,,,standard,,,from:450 to:450,,,Homo sapiens,0,,7855902,4095120,7855902,,,2658259,888,,1,0,0,UK Whole Genome sequencing study,5392,UK Study,Homo_sapiens (GRCh38_15_plus_hs38d1) %5Bminimap2%5D,0,UK Study,3,
3,21210572,phiX_for_spiked_buffers,,ACAACGCAATC,,,,ACAACGCAATC,,,,,,,1,0,26088545,0,21210572,,10847,,,,standard,,,,,,,0,,,1255141,phiX_for_spiked_buffers,,PhiX (Sanger-SNPs),,888,,1,0,0,None,198,Illumina Controls, ,0,,888,
4,25385022,7855900,,TGCGGCGT,CCTCGGTA,,HiSeqX PCR free,TGCGGCGT,CCTCGGTA,ssss@sanger.ac.uk,,ssss@sanger.ac.uk,ssss@sanger.ac.uk,,0,0,26088546,0,25385022,,9606,T4600,,,standard,,,from:450 to:450,,,Homo sapiens,0,,7855900,4095118,7855900,,,1277994,888,,1,0,0,UK Whole Genome sequencing study,5392,UK Study,Homo_sapiens (GRCh38_15_plus_hs38d1) %5Bminimap2%5D,0,UK Study,1,
4,25385034,7855901,,CATAATAC,TTCTAACG,,HiSeqX PCR free,CATAATAC,TTCTAACG,ssss@sanger.ac.uk,,ssss@sanger.ac.uk,ssss@sanger.ac.uk,,0,0,26088546,0,25385034,,9606,T4600,,,standard,,,from:450 to:450,,,Homo sapiens,0,,7855901,4095119,7855901,,,5455485,888,,1,0,0,UK Whole Genome sequencing study,5392,UK Study,Homo_sapiens (GRCh38_15_plus_hs38d1) %5Bminimap2%5D,0,UK Study,2,
4,25385046,7855902,,GATCTATC,ATGAGGCT,,HiSeqX PCR free,GATCTATC,ATGAGGCT,ssss@sanger.ac.uk,,ssss@sanger.ac.uk,ssss@sanger.ac.uk,,0,0,26088546,0,25385046,,9606,T4600,,,standard,,,from:450 to:450,,,Homo sapiens,0,,7855902,4095120,7855902,,,2658259,888,,1,0,0,UK Whole Genome sequencing study,5392,UK Study,Homo_sapiens (GRCh38_15_plus_hs38d1) %5Bminimap2%5D,0,UK Study,3,
4,21210572,phiX_for_spiked_buffers,,ACAACGCAATC,,,,ACAACGCAATC,,,,,,,1,0,26088546,0,21210572,,10847,,,,standard,,,,,,,0,,,1255141,phiX_for_spiked_buffers,,PhiX (Sanger-SNPs),,888,,1,0,0,None,198,Illumina Controls, ,0,,888,
