[Data],,,,,,,,,,,,,,,,,,,,,,,,,,,,,,,,,,,,,,,,,,,,,,,,,,,,,
Lane,Sample_ID,Sample_Name,GenomeFolder,Index,Index2,bait_name,default_library_type,default_tag_sequence,default_tagtwo_sequence,email_addresses,email_addresses_of_followers,email_addresses_of_managers,email_addresses_of_owners,gbs_plex_name,is_control,is_pool,lane_id,lane_priority,library_name,organism,organism_taxon_id,project_cost_code,project_id,project_name,purpose,qc_state,request_id,required_insert_size_range,sample_accession_number,sample_cohort,sample_common_name,sample_consent_withdrawn,sample_control_type,sample_description,sample_donor_id,sample_id,sample_is_control,sample_name,sample_public_name,sample_reference_genome,sample_supplier_name,spiked_phix_tag_index,study_accession_number,study_alignments_in_bam,study_contains_nonconsented_human,study_contains_nonconsented_xahuman,study_description,study_id,study_name,study_reference_genome,study_separate_y_chromosome_data,study_title,tag_index,
3,64063044,3429STDY12832971,,GAAACGNNNNNNN,NNNNNNNNNNNNN,,Haplotagging,GAAACGNNNNNNN,NNNNNNNNNNNNN,at10@sanger.ac.uk ca10@sanger.ac.uk cj9@sanger.ac.uk ekh@sanger.ac.uk hb6@sanger.ac.uk mjs@sanger.ac.uk ncb@sanger.ac.uk sg19@sanger.ac.uk,at10@sanger.ac.uk at10@sanger.ac.uk ca10@sanger.ac.uk ca10@sanger.ac.uk cj9@sanger.ac.uk cj9@sanger.ac.uk ekh@sanger.ac.uk ekh@sanger.ac.uk hb6@sanger.ac.uk hb6@sanger.ac.uk ncb@sanger.ac.uk ncb@sanger.ac.uk ncb@sanger.ac.uk ncb@sanger.ac.uk sg19@sanger.ac.uk sg19@sanger.ac.uk,mjs@sanger.ac.uk mjs@sanger.ac.uk ncb@sanger.ac.uk ncb@sanger.ac.uk ncb@sanger.ac.uk ncb@sanger.ac.uk,mjs@sanger.ac.uk mjs@sanger.ac.uk,,0,0,64074534,0,64063044,,1518534,S4061,,,standard,,,from:450 to:450,,,Anopheles coluzzii,0,,,3429STDY12832971,8215650,0,3429STDY12832971,,Anopheles_gambiae (PEST),MOZZ1046A_A12_KCl_M,888,,1,1,0,R%26D testing,3429,Team 112 R%26D,Plasmodium_falciparum (3D7_Oct11v3),0,Team 112 R%26D,1,
1,64063056,3429STDY12832972,,ACACCANNNNNNN,NNNNNNNNNNNNN,,Haplotagging,ACACCANNNNNNN,NNNNNNNNNNNNN,at10@sanger.ac.uk ca10@sanger.ac.uk cj9@sanger.ac.uk ekh@sanger.ac.uk hb6@sanger.ac.uk mjs@sanger.ac.uk ncb@sanger.ac.uk sg19@sanger.ac.uk,at10@sanger.ac.uk at10@sanger.ac.uk ca10@sanger.ac.uk ca10@sanger.ac.uk cj9@sanger.ac.uk cj9@sanger.ac.uk ekh@sanger.ac.uk ekh@sanger.ac.uk hb6@sanger.ac.uk hb6@sanger.ac.uk ncb@sanger.ac.uk ncb@sanger.ac.uk ncb@sanger.ac.uk ncb@sanger.ac.uk sg19@sanger.ac.uk sg19@sanger.ac.uk,mjs@sanger.ac.uk mjs@sanger.ac.uk ncb@sanger.ac.uk ncb@sanger.ac.uk ncb@sanger.ac.uk ncb@sanger.ac.uk,mjs@sanger.ac.uk mjs@sanger.ac.uk,,0,0,64074534,0,64063056,,1518534,S4061,,,standard,,,from:450 to:450,,,Anopheles coluzzii,0,,,3429STDY12832972,8215651,0,3429STDY12832972,,Anopheles_gambiae (PEST),MOZZ1046A_B12_KCl_M,888,,1,1,0,R%26D testing,3429,Team 112 R%26D,Plasmodium_falciparum (3D7_Oct11v3),0,Team 112 R%26D,2,
1,64063068,3429STDY12832973,,TCGAGANNNNNNN,NNNNNNNNNNNNN,,Haplotagging,TCGAGANNNNNNN,NNNNNNNNNNNNN,at10@sanger.ac.uk ca10@sanger.ac.uk cj9@sanger.ac.uk ekh@sanger.ac.uk hb6@sanger.ac.uk mjs@sanger.ac.uk ncb@sanger.ac.uk sg19@sanger.ac.uk,at10@sanger.ac.uk at10@sanger.ac.uk ca10@sanger.ac.uk ca10@sanger.ac.uk cj9@sanger.ac.uk cj9@sanger.ac.uk ekh@sanger.ac.uk ekh@sanger.ac.uk hb6@sanger.ac.uk hb6@sanger.ac.uk ncb@sanger.ac.uk ncb@sanger.ac.uk ncb@sanger.ac.uk ncb@sanger.ac.uk sg19@sanger.ac.uk sg19@sanger.ac.uk,mjs@sanger.ac.uk mjs@sanger.ac.uk ncb@sanger.ac.uk ncb@sanger.ac.uk ncb@sanger.ac.uk ncb@sanger.ac.uk,mjs@sanger.ac.uk mjs@sanger.ac.uk,,0,0,64074534,0,64063068,,1518534,S4061,,,standard,,,from:450 to:450,,,Anopheles coluzzii,0,,,3429STDY12832973,8215652,0,3429STDY12832973,,Anopheles_gambiae (PEST),MOZZ1046A_C12_KCl_M,888,,1,1,0,R%26D testing,3429,Team 112 R%26D,Plasmodium_falciparum (3D7_Oct11v3),0,Team 112 R%26D,3,
1,64063080,3429STDY12832974,,TCCTTCNNNNNNN,NNNNNNNNNNNNN,,Haplotagging,TCCTTCNNNNNNN,NNNNNNNNNNNNN,at10@sanger.ac.uk ca10@sanger.ac.uk cj9@sanger.ac.uk ekh@sanger.ac.uk hb6@sanger.ac.uk mjs@sanger.ac.uk ncb@sanger.ac.uk sg19@sanger.ac.uk,at10@sanger.ac.uk at10@sanger.ac.uk ca10@sanger.ac.uk ca10@sanger.ac.uk cj9@sanger.ac.uk cj9@sanger.ac.uk ekh@sanger.ac.uk ekh@sanger.ac.uk hb6@sanger.ac.uk hb6@sanger.ac.uk ncb@sanger.ac.uk ncb@sanger.ac.uk ncb@sanger.ac.uk ncb@sanger.ac.uk sg19@sanger.ac.uk sg19@sanger.ac.uk,mjs@sanger.ac.uk mjs@sanger.ac.uk ncb@sanger.ac.uk ncb@sanger.ac.uk ncb@sanger.ac.uk ncb@sanger.ac.uk,mjs@sanger.ac.uk mjs@sanger.ac.uk,,0,0,64074534,0,64063080,,1518534,S4061,,,standard,,,from:450 to:450,,,Anopheles coluzzii,0,,,3429STDY12832974,8215653,0,3429STDY12832974,,Anopheles_gambiae (PEST),MOZZ1046A_E11_KCl_F,888,,1,1,0,R%26D testing,3429,Team 112 R%26D,Plasmodium_falciparum (3D7_Oct11v3),0,Team 112 R%26D,4,
1,64063092,3429STDY12832975,,CTGTTCNNNNNNN,NNNNNNNNNNNNN,,Haplotagging,CTGTTCNNNNNNN,NNNNNNNNNNNNN,at10@sanger.ac.uk ca10@sanger.ac.uk cj9@sanger.ac.uk ekh@sanger.ac.uk hb6@sanger.ac.uk mjs@sanger.ac.uk ncb@sanger.ac.uk sg19@sanger.ac.uk,at10@sanger.ac.uk at10@sanger.ac.uk ca10@sanger.ac.uk ca10@sanger.ac.uk cj9@sanger.ac.uk cj9@sanger.ac.uk ekh@sanger.ac.uk ekh@sanger.ac.uk hb6@sanger.ac.uk hb6@sanger.ac.uk ncb@sanger.ac.uk ncb@sanger.ac.uk ncb@sanger.ac.uk ncb@sanger.ac.uk sg19@sanger.ac.uk sg19@sanger.ac.uk,mjs@sanger.ac.uk mjs@sanger.ac.uk ncb@sanger.ac.uk ncb@sanger.ac.uk ncb@sanger.ac.uk ncb@sanger.ac.uk,mjs@sanger.ac.uk mjs@sanger.ac.uk,,0,0,64074534,0,64063092,,1518534,S4061,,,standard,,,from:450 to:450,,,Anopheles coluzzii,0,,,3429STDY12832975,8215654,0,3429STDY12832975,,Anopheles_gambiae (PEST),MOZZ1046A_E12_KCl_F,888,,1,1,0,R%26D testing,3429,Team 112 R%26D,Plasmodium_falciparum (3D7_Oct11v3),0,Team 112 R%26D,5,
1,64063104,3429STDY12832976,,GGTTTCNNNNNNN,NNNNNNNNNNNNN,,Haplotagging,GGTTTCNNNNNNN,NNNNNNNNNNNNN,at10@sanger.ac.uk ca10@sanger.ac.uk cj9@sanger.ac.uk ekh@sanger.ac.uk hb6@sanger.ac.uk mjs@sanger.ac.uk ncb@sanger.ac.uk sg19@sanger.ac.uk,at10@sanger.ac.uk at10@sanger.ac.uk ca10@sanger.ac.uk ca10@sanger.ac.uk cj9@sanger.ac.uk cj9@sanger.ac.uk ekh@sanger.ac.uk ekh@sanger.ac.uk hb6@sanger.ac.uk hb6@sanger.ac.uk ncb@sanger.ac.uk ncb@sanger.ac.uk ncb@sanger.ac.uk ncb@sanger.ac.uk sg19@sanger.ac.uk sg19@sanger.ac.uk,mjs@sanger.ac.uk mjs@sanger.ac.uk ncb@sanger.ac.uk ncb@sanger.ac.uk ncb@sanger.ac.uk ncb@sanger.ac.uk,mjs@sanger.ac.uk mjs@sanger.ac.uk,,0,0,64074534,0,64063104,,1518534,S4061,,,standard,,,from:450 to:450,,,Anopheles coluzzii,0,,,3429STDY12832976,8215655,0,3429STDY12832976,,Anopheles_gambiae (PEST),MOZZ1046A_F12_KCl_F,888,,1,1,0,R%26D testing,3429,Team 112 R%26D,Plasmodium_falciparum (3D7_Oct11v3),0,Team 112 R%26D,6,
1,64063116,3429STDY12832977,,TGGTTGNNNNNNN,NNNNNNNNNNNNN,,Haplotagging,TGGTTGNNNNNNN,NNNNNNNNNNNNN,at10@sanger.ac.uk ca10@sanger.ac.uk cj9@sanger.ac.uk ekh@sanger.ac.uk hb6@sanger.ac.uk mjs@sanger.ac.uk ncb@sanger.ac.uk sg19@sanger.ac.uk,at10@sanger.ac.uk at10@sanger.ac.uk ca10@sanger.ac.uk ca10@sanger.ac.uk cj9@sanger.ac.uk cj9@sanger.ac.uk ekh@sanger.ac.uk ekh@sanger.ac.uk hb6@sanger.ac.uk hb6@sanger.ac.uk ncb@sanger.ac.uk ncb@sanger.ac.uk ncb@sanger.ac.uk ncb@sanger.ac.uk sg19@sanger.ac.uk sg19@sanger.ac.uk,mjs@sanger.ac.uk mjs@sanger.ac.uk ncb@sanger.ac.uk ncb@sanger.ac.uk ncb@sanger.ac.uk ncb@sanger.ac.uk,mjs@sanger.ac.uk mjs@sanger.ac.uk,,0,0,64074534,0,64063116,,1518534,S4061,,,standard,,,from:450 to:450,,,Anopheles coluzzii,0,,,3429STDY12832977,8215656,0,3429STDY12832977,,Anopheles_gambiae (PEST),MOZZ1046A_C5_C_M,888,,1,1,0,R%26D testing,3429,Team 112 R%26D,Plasmodium_falciparum (3D7_Oct11v3),0,Team 112 R%26D,7,
1,64063128,3429STDY12832978,,CCTTTGNNNNNNN,NNNNNNNNNNNNN,,Haplotagging,CCTTTGNNNNNNN,NNNNNNNNNNNNN,at10@sanger.ac.uk ca10@sanger.ac.uk cj9@sanger.ac.uk ekh@sanger.ac.uk hb6@sanger.ac.uk mjs@sanger.ac.uk ncb@sanger.ac.uk sg19@sanger.ac.uk,at10@sanger.ac.uk at10@sanger.ac.uk ca10@sanger.ac.uk ca10@sanger.ac.uk cj9@sanger.ac.uk cj9@sanger.ac.uk ekh@sanger.ac.uk ekh@sanger.ac.uk hb6@sanger.ac.uk hb6@sanger.ac.uk ncb@sanger.ac.uk ncb@sanger.ac.uk ncb@sanger.ac.uk ncb@sanger.ac.uk sg19@sanger.ac.uk sg19@sanger.ac.uk,mjs@sanger.ac.uk mjs@sanger.ac.uk ncb@sanger.ac.uk ncb@sanger.ac.uk ncb@sanger.ac.uk ncb@sanger.ac.uk,mjs@sanger.ac.uk mjs@sanger.ac.uk,,0,0,64074534,0,64063128,,1518534,S4061,,,standard,,,from:450 to:450,,,Anopheles coluzzii,0,,,3429STDY12832978,8215657,0,3429STDY12832978,,Anopheles_gambiae (PEST),MOZZ1046A_C6_C_M,888,,1,1,0,R%26D testing,3429,Team 112 R%26D,Plasmodium_falciparum (3D7_Oct11v3),0,Team 112 R%26D,8,
1,64063045,3429STDY12832979,,GTCTTGNNNNNNN,NNNNNNNNNNNNN,,Haplotagging,GTCTTGNNNNNNN,NNNNNNNNNNNNN,at10@sanger.ac.uk ca10@sanger.ac.uk cj9@sanger.ac.uk ekh@sanger.ac.uk hb6@sanger.ac.uk mjs@sanger.ac.uk ncb@sanger.ac.uk sg19@sanger.ac.uk,at10@sanger.ac.uk at10@sanger.ac.uk ca10@sanger.ac.uk ca10@sanger.ac.uk cj9@sanger.ac.uk cj9@sanger.ac.uk ekh@sanger.ac.uk ekh@sanger.ac.uk hb6@sanger.ac.uk hb6@sanger.ac.uk ncb@sanger.ac.uk ncb@sanger.ac.uk ncb@sanger.ac.uk ncb@sanger.ac.uk sg19@sanger.ac.uk sg19@sanger.ac.uk,mjs@sanger.ac.uk mjs@sanger.ac.uk ncb@sanger.ac.uk ncb@sanger.ac.uk ncb@sanger.ac.uk ncb@sanger.ac.uk,mjs@sanger.ac.uk mjs@sanger.ac.uk,,0,0,64074534,0,64063045,,1518534,S4061,,,standard,,,from:450 to:450,,,Anopheles coluzzii,0,,,3429STDY12832979,8215658,0,3429STDY12832979,,Anopheles_gambiae (PEST),MOZZ1046A_D6_C_M,888,,1,1,0,R%26D testing,3429,Team 112 R%26D,Plasmodium_falciparum (3D7_Oct11v3),0,Team 112 R%26D,9,
1,64063057,3429STDY12832980,,CGCTTANNNNNNN,NNNNNNNNNNNNN,,Haplotagging,CGCTTANNNNNNN,NNNNNNNNNNNNN,at10@sanger.ac.uk ca10@sanger.ac.uk cj9@sanger.ac.uk ekh@sanger.ac.uk hb6@sanger.ac.uk mjs@sanger.ac.uk ncb@sanger.ac.uk sg19@sanger.ac.uk,at10@sanger.ac.uk at10@sanger.ac.uk ca10@sanger.ac.uk ca10@sanger.ac.uk cj9@sanger.ac.uk cj9@sanger.ac.uk ekh@sanger.ac.uk ekh@sanger.ac.uk hb6@sanger.ac.uk hb6@sanger.ac.uk ncb@sanger.ac.uk ncb@sanger.ac.uk ncb@sanger.ac.uk ncb@sanger.ac.uk sg19@sanger.ac.uk sg19@sanger.ac.uk,mjs@sanger.ac.uk mjs@sanger.ac.uk ncb@sanger.ac.uk ncb@sanger.ac.uk ncb@sanger.ac.uk ncb@sanger.ac.uk,mjs@sanger.ac.uk mjs@sanger.ac.uk,,0,0,64074534,0,64063057,,1518534,S4061,,,standard,,,from:450 to:450,,,Anopheles coluzzii,0,,,3429STDY12832980,8215659,0,3429STDY12832980,,Anopheles_gambiae (PEST),MOZZ1046A_E5_C_F,888,,1,1,0,R%26D testing,3429,Team 112 R%26D,Plasmodium_falciparum (3D7_Oct11v3),0,Team 112 R%26D,10,
1,64063069,3429STDY12832981,,GCGTTANNNNNNN,NNNNNNNNNNNNN,,Haplotagging,GCGTTANNNNNNN,NNNNNNNNNNNNN,at10@sanger.ac.uk ca10@sanger.ac.uk cj9@sanger.ac.uk ekh@sanger.ac.uk hb6@sanger.ac.uk mjs@sanger.ac.uk ncb@sanger.ac.uk sg19@sanger.ac.uk,at10@sanger.ac.uk at10@sanger.ac.uk ca10@sanger.ac.uk ca10@sanger.ac.uk cj9@sanger.ac.uk cj9@sanger.ac.uk ekh@sanger.ac.uk ekh@sanger.ac.uk hb6@sanger.ac.uk hb6@sanger.ac.uk ncb@sanger.ac.uk ncb@sanger.ac.uk ncb@sanger.ac.uk ncb@sanger.ac.uk sg19@sanger.ac.uk sg19@sanger.ac.uk,mjs@sanger.ac.uk mjs@sanger.ac.uk ncb@sanger.ac.uk ncb@sanger.ac.uk ncb@sanger.ac.uk ncb@sanger.ac.uk,mjs@sanger.ac.uk mjs@sanger.ac.uk,,0,0,64074534,0,64063069,,1518534,S4061,,,standard,,,from:450 to:450,,,Anopheles coluzzii,0,,,3429STDY12832981,8215660,0,3429STDY12832981,,Anopheles_gambiae (PEST),MOZZ1046A_H6_C_F,888,,1,1,0,R%26D testing,3429,Team 112 R%26D,Plasmodium_falciparum (3D7_Oct11v3),0,Team 112 R%26D,11,
1,64063081,3429STDY12832982,,TCGTCTNNNNNNN,NNNNNNNNNNNNN,,Haplotagging,TCGTCTNNNNNNN,NNNNNNNNNNNNN,at10@sanger.ac.uk ca10@sanger.ac.uk cj9@sanger.ac.uk ekh@sanger.ac.uk hb6@sanger.ac.uk mjs@sanger.ac.uk ncb@sanger.ac.uk sg19@sanger.ac.uk,at10@sanger.ac.uk at10@sanger.ac.uk ca10@sanger.ac.uk ca10@sanger.ac.uk cj9@sanger.ac.uk cj9@sanger.ac.uk ekh@sanger.ac.uk ekh@sanger.ac.uk hb6@sanger.ac.uk hb6@sanger.ac.uk ncb@sanger.ac.uk ncb@sanger.ac.uk ncb@sanger.ac.uk ncb@sanger.ac.uk sg19@sanger.ac.uk sg19@sanger.ac.uk,mjs@sanger.ac.uk mjs@sanger.ac.uk ncb@sanger.ac.uk ncb@sanger.ac.uk ncb@sanger.ac.uk ncb@sanger.ac.uk,mjs@sanger.ac.uk mjs@sanger.ac.uk,,0,0,64074534,0,64063081,,1518534,S4061,,,standard,,,from:450 to:450,,,Anopheles coluzzii,0,,,3429STDY12832982,8215661,0,3429STDY12832982,,Anopheles_gambiae (PEST),MOZZ1046A_F6_C_F,888,,1,1,0,R%26D testing,3429,Team 112 R%26D,Plasmodium_falciparum (3D7_Oct11v3),0,Team 112 R%26D,12,
1,64063093,3429STDY12832983,,CTCTCTNNNNNNN,NNNNNNNNNNNNN,,Haplotagging,CTCTCTNNNNNNN,NNNNNNNNNNNNN,at10@sanger.ac.uk ca10@sanger.ac.uk cj9@sanger.ac.uk ekh@sanger.ac.uk hb6@sanger.ac.uk mjs@sanger.ac.uk ncb@sanger.ac.uk sg19@sanger.ac.uk,at10@sanger.ac.uk at10@sanger.ac.uk ca10@sanger.ac.uk ca10@sanger.ac.uk cj9@sanger.ac.uk cj9@sanger.ac.uk ekh@sanger.ac.uk ekh@sanger.ac.uk hb6@sanger.ac.uk hb6@sanger.ac.uk ncb@sanger.ac.uk ncb@sanger.ac.uk ncb@sanger.ac.uk ncb@sanger.ac.uk sg19@sanger.ac.uk sg19@sanger.ac.uk,mjs@sanger.ac.uk mjs@sanger.ac.uk ncb@sanger.ac.uk ncb@sanger.ac.uk ncb@sanger.ac.uk ncb@sanger.ac.uk,mjs@sanger.ac.uk mjs@sanger.ac.uk,,0,0,64074534,0,64063093,,1518534,S4061,,,standard,,,from:450 to:450,,,Anopheles coluzzii,0,,,3429STDY12832983,8215662,0,3429STDY12832983,,Anopheles_gambiae (PEST),MOZZ1051A_A12_KCl_M,888,,1,1,0,R%26D testing,3429,Team 112 R%26D,Plasmodium_falciparum (3D7_Oct11v3),0,Team 112 R%26D,13,
1,64063105,3429STDY12832984,,GGATCTNNNNNNN,NNNNNNNNNNNNN,,Haplotagging,GGATCTNNNNNNN,NNNNNNNNNNNNN,at10@sanger.ac.uk ca10@sanger.ac.uk cj9@sanger.ac.uk ekh@sanger.ac.uk hb6@sanger.ac.uk mjs@sanger.ac.uk ncb@sanger.ac.uk sg19@sanger.ac.uk,at10@sanger.ac.uk at10@sanger.ac.uk ca10@sanger.ac.uk ca10@sanger.ac.uk cj9@sanger.ac.uk cj9@sanger.ac.uk ekh@sanger.ac.uk ekh@sanger.ac.uk hb6@sanger.ac.uk hb6@sanger.ac.uk ncb@sanger.ac.uk ncb@sanger.ac.uk ncb@sanger.ac.uk ncb@sanger.ac.uk sg19@sanger.ac.uk sg19@sanger.ac.uk,mjs@sanger.ac.uk mjs@sanger.ac.uk ncb@sanger.ac.uk ncb@sanger.ac.uk ncb@sanger.ac.uk ncb@sanger.ac.uk,mjs@sanger.ac.uk mjs@sanger.ac.uk,,0,0,64074534,0,64063105,,1518534,S4061,,,standard,,,from:450 to:450,,,Anopheles coluzzii,0,,,3429STDY12832984,8215663,0,3429STDY12832984,,Anopheles_gambiae (PEST),MOZZ1051A_B12_KCl_M,888,,1,1,0,R%26D testing,3429,Team 112 R%26D,Plasmodium_falciparum (3D7_Oct11v3),0,Team 112 R%26D,14,
1,64063117,3429STDY12832985,,ACTTCCNNNNNNN,NNNNNNNNNNNNN,,Haplotagging,ACTTCCNNNNNNN,NNNNNNNNNNNNN,at10@sanger.ac.uk ca10@sanger.ac.uk cj9@sanger.ac.uk ekh@sanger.ac.uk hb6@sanger.ac.uk mjs@sanger.ac.uk ncb@sanger.ac.uk sg19@sanger.ac.uk,at10@sanger.ac.uk at10@sanger.ac.uk ca10@sanger.ac.uk ca10@sanger.ac.uk cj9@sanger.ac.uk cj9@sanger.ac.uk ekh@sanger.ac.uk ekh@sanger.ac.uk hb6@sanger.ac.uk hb6@sanger.ac.uk ncb@sanger.ac.uk ncb@sanger.ac.uk ncb@sanger.ac.uk ncb@sanger.ac.uk sg19@sanger.ac.uk sg19@sanger.ac.uk,mjs@sanger.ac.uk mjs@sanger.ac.uk ncb@sanger.ac.uk ncb@sanger.ac.uk ncb@sanger.ac.uk ncb@sanger.ac.uk,mjs@sanger.ac.uk mjs@sanger.ac.uk,,0,0,64074534,0,64063117,,1518534,S4061,,,standard,,,from:450 to:450,,,Anopheles coluzzii,0,,,3429STDY12832985,8215664,0,3429STDY12832985,,Anopheles_gambiae (PEST),MOZZ1051A_C12_KCl_M,888,,1,1,0,R%26D testing,3429,Team 112 R%26D,Plasmodium_falciparum (3D7_Oct11v3),0,Team 112 R%26D,15,
1,64063129,3429STDY12832986,,TACTCGNNNNNNN,NNNNNNNNNNNNN,,Haplotagging,TACTCGNNNNNNN,NNNNNNNNNNNNN,at10@sanger.ac.uk ca10@sanger.ac.uk cj9@sanger.ac.uk ekh@sanger.ac.uk hb6@sanger.ac.uk mjs@sanger.ac.uk ncb@sanger.ac.uk sg19@sanger.ac.uk,at10@sanger.ac.uk at10@sanger.ac.uk ca10@sanger.ac.uk ca10@sanger.ac.uk cj9@sanger.ac.uk cj9@sanger.ac.uk ekh@sanger.ac.uk ekh@sanger.ac.uk hb6@sanger.ac.uk hb6@sanger.ac.uk ncb@sanger.ac.uk ncb@sanger.ac.uk ncb@sanger.ac.uk ncb@sanger.ac.uk sg19@sanger.ac.uk sg19@sanger.ac.uk,mjs@sanger.ac.uk mjs@sanger.ac.uk ncb@sanger.ac.uk ncb@sanger.ac.uk ncb@sanger.ac.uk ncb@sanger.ac.uk,mjs@sanger.ac.uk mjs@sanger.ac.uk,,0,0,64074534,0,64063129,,1518534,S4061,,,standard,,,from:450 to:450,,,Anopheles coluzzii,0,,,3429STDY12832986,8215665,0,3429STDY12832986,,Anopheles_gambiae (PEST),MOZZ1051A_E11_KCl_F,888,,1,1,0,R%26D testing,3429,Team 112 R%26D,Plasmodium_falciparum (3D7_Oct11v3),0,Team 112 R%26D,16,
1,64063046,3429STDY12832987,,ATGTCGNNNNNNN,NNNNNNNNNNNNN,,Haplotagging,ATGTCGNNNNNNN,NNNNNNNNNNNNN,at10@sanger.ac.uk ca10@sanger.ac.uk cj9@sanger.ac.uk ekh@sanger.ac.uk hb6@sanger.ac.uk mjs@sanger.ac.uk ncb@sanger.ac.uk sg19@sanger.ac.uk,at10@sanger.ac.uk at10@sanger.ac.uk ca10@sanger.ac.uk ca10@sanger.ac.uk cj9@sanger.ac.uk cj9@sanger.ac.uk ekh@sanger.ac.uk ekh@sanger.ac.uk hb6@sanger.ac.uk hb6@sanger.ac.uk ncb@sanger.ac.uk ncb@sanger.ac.uk ncb@sanger.ac.uk ncb@sanger.ac.uk sg19@sanger.ac.uk sg19@sanger.ac.uk,mjs@sanger.ac.uk mjs@sanger.ac.uk ncb@sanger.ac.uk ncb@sanger.ac.uk ncb@sanger.ac.uk ncb@sanger.ac.uk,mjs@sanger.ac.uk mjs@sanger.ac.uk,,0,0,64074534,0,64063046,,1518534,S4061,,,standard,,,from:450 to:450,,,Anopheles coluzzii,0,,,3429STDY12832987,8215666,0,3429STDY12832987,,Anopheles_gambiae (PEST),MOZZ1051A_E12_KCl_F,888,,1,1,0,R%26D testing,3429,Team 112 R%26D,Plasmodium_falciparum (3D7_Oct11v3),0,Team 112 R%26D,17,
1,64063058,3429STDY12832988,,CAGTCANNNNNNN,NNNNNNNNNNNNN,,Haplotagging,CAGTCANNNNNNN,NNNNNNNNNNNNN,at10@sanger.ac.uk ca10@sanger.ac.uk cj9@sanger.ac.uk ekh@sanger.ac.uk hb6@sanger.ac.uk mjs@sanger.ac.uk ncb@sanger.ac.uk sg19@sanger.ac.uk,at10@sanger.ac.uk at10@sanger.ac.uk ca10@sanger.ac.uk ca10@sanger.ac.uk cj9@sanger.ac.uk cj9@sanger.ac.uk ekh@sanger.ac.uk ekh@sanger.ac.uk hb6@sanger.ac.uk hb6@sanger.ac.uk ncb@sanger.ac.uk ncb@sanger.ac.uk ncb@sanger.ac.uk ncb@sanger.ac.uk sg19@sanger.ac.uk sg19@sanger.ac.uk,mjs@sanger.ac.uk mjs@sanger.ac.uk ncb@sanger.ac.uk ncb@sanger.ac.uk ncb@sanger.ac.uk ncb@sanger.ac.uk,mjs@sanger.ac.uk mjs@sanger.ac.uk,,0,0,64074534,0,64063058,,1518534,S4061,,,standard,,,from:450 to:450,,,Anopheles coluzzii,0,,,3429STDY12832988,8215667,0,3429STDY12832988,,Anopheles_gambiae (PEST),MOZZ1051A_F12_KCl_F,888,,1,1,0,R%26D testing,3429,Team 112 R%26D,Plasmodium_falciparum (3D7_Oct11v3),0,Team 112 R%26D,18,
1,64063070,3429STDY12832989,,TGCTGTNNNNNNN,NNNNNNNNNNNNN,,Haplotagging,TGCTGTNNNNNNN,NNNNNNNNNNNNN,at10@sanger.ac.uk ca10@sanger.ac.uk cj9@sanger.ac.uk ekh@sanger.ac.uk hb6@sanger.ac.uk mjs@sanger.ac.uk ncb@sanger.ac.uk sg19@sanger.ac.uk,at10@sanger.ac.uk at10@sanger.ac.uk ca10@sanger.ac.uk ca10@sanger.ac.uk cj9@sanger.ac.uk cj9@sanger.ac.uk ekh@sanger.ac.uk ekh@sanger.ac.uk hb6@sanger.ac.uk hb6@sanger.ac.uk ncb@sanger.ac.uk ncb@sanger.ac.uk ncb@sanger.ac.uk ncb@sanger.ac.uk sg19@sanger.ac.uk sg19@sanger.ac.uk,mjs@sanger.ac.uk mjs@sanger.ac.uk ncb@sanger.ac.uk ncb@sanger.ac.uk ncb@sanger.ac.uk ncb@sanger.ac.uk,mjs@sanger.ac.uk mjs@sanger.ac.uk,,0,0,64074534,0,64063070,,1518534,S4061,,,standard,,,from:450 to:450,,,Anopheles coluzzii,0,,,3429STDY12832989,8215668,0,3429STDY12832989,,Anopheles_gambiae (PEST),MOZZ1051A_C5_C_M,888,,1,1,0,R%26D testing,3429,Team 112 R%26D,Plasmodium_falciparum (3D7_Oct11v3),0,Team 112 R%26D,19,
1,64063082,3429STDY12832990,,CCATGTNNNNNNN,NNNNNNNNNNNNN,,Haplotagging,CCATGTNNNNNNN,NNNNNNNNNNNNN,at10@sanger.ac.uk ca10@sanger.ac.uk cj9@sanger.ac.uk ekh@sanger.ac.uk hb6@sanger.ac.uk mjs@sanger.ac.uk ncb@sanger.ac.uk sg19@sanger.ac.uk,at10@sanger.ac.uk at10@sanger.ac.uk ca10@sanger.ac.uk ca10@sanger.ac.uk cj9@sanger.ac.uk cj9@sanger.ac.uk ekh@sanger.ac.uk ekh@sanger.ac.uk hb6@sanger.ac.uk hb6@sanger.ac.uk ncb@sanger.ac.uk ncb@sanger.ac.uk ncb@sanger.ac.uk ncb@sanger.ac.uk sg19@sanger.ac.uk sg19@sanger.ac.uk,mjs@sanger.ac.uk mjs@sanger.ac.uk ncb@sanger.ac.uk ncb@sanger.ac.uk ncb@sanger.ac.uk ncb@sanger.ac.uk,mjs@sanger.ac.uk mjs@sanger.ac.uk,,0,0,64074534,0,64063082,,1518534,S4061,,,standard,,,from:450 to:450,,,Anopheles coluzzii,0,,,3429STDY12832990,8215669,0,3429STDY12832990,,Anopheles_gambiae (PEST),MOZZ1051A_C6_C_M,888,,1,1,0,R%26D testing,3429,Team 112 R%26D,Plasmodium_falciparum (3D7_Oct11v3),0,Team 112 R%26D,20,
1,64063094,3429STDY12832991,,GTGTGTNNNNNNN,NNNNNNNNNNNNN,,Haplotagging,GTGTGTNNNNNNN,NNNNNNNNNNNNN,at10@sanger.ac.uk ca10@sanger.ac.uk cj9@sanger.ac.uk ekh@sanger.ac.uk hb6@sanger.ac.uk mjs@sanger.ac.uk ncb@sanger.ac.uk sg19@sanger.ac.uk,at10@sanger.ac.uk at10@sanger.ac.uk ca10@sanger.ac.uk ca10@sanger.ac.uk cj9@sanger.ac.uk cj9@sanger.ac.uk ekh@sanger.ac.uk ekh@sanger.ac.uk hb6@sanger.ac.uk hb6@sanger.ac.uk ncb@sanger.ac.uk ncb@sanger.ac.uk ncb@sanger.ac.uk ncb@sanger.ac.uk sg19@sanger.ac.uk sg19@sanger.ac.uk,mjs@sanger.ac.uk mjs@sanger.ac.uk ncb@sanger.ac.uk ncb@sanger.ac.uk ncb@sanger.ac.uk ncb@sanger.ac.uk,mjs@sanger.ac.uk mjs@sanger.ac.uk,,0,0,64074534,0,64063094,,1518534,S4061,,,standard,,,from:450 to:450,,,Anopheles coluzzii,0,,,3429STDY12832991,8215670,0,3429STDY12832991,,Anopheles_gambiae (PEST),MOZZ1051A_D6_C_M,888,,1,1,0,R%26D testing,3429,Team 112 R%26D,Plasmodium_falciparum (3D7_Oct11v3),0,Team 112 R%26D,21,
1,64063106,3429STDY12832992,,TAGTGCNNNNNNN,NNNNNNNNNNNNN,,Haplotagging,TAGTGCNNNNNNN,NNNNNNNNNNNNN,at10@sanger.ac.uk ca10@sanger.ac.uk cj9@sanger.ac.uk ekh@sanger.ac.uk hb6@sanger.ac.uk mjs@sanger.ac.uk ncb@sanger.ac.uk sg19@sanger.ac.uk,at10@sanger.ac.uk at10@sanger.ac.uk ca10@sanger.ac.uk ca10@sanger.ac.uk cj9@sanger.ac.uk cj9@sanger.ac.uk ekh@sanger.ac.uk ekh@sanger.ac.uk hb6@sanger.ac.uk hb6@sanger.ac.uk ncb@sanger.ac.uk ncb@sanger.ac.uk ncb@sanger.ac.uk ncb@sanger.ac.uk sg19@sanger.ac.uk sg19@sanger.ac.uk,mjs@sanger.ac.uk mjs@sanger.ac.uk ncb@sanger.ac.uk ncb@sanger.ac.uk ncb@sanger.ac.uk ncb@sanger.ac.uk,mjs@sanger.ac.uk mjs@sanger.ac.uk,,0,0,64074534,0,64063106,,1518534,S4061,,,standard,,,from:450 to:450,,,Anopheles coluzzii,0,,,3429STDY12832992,8215671,0,3429STDY12832992,,Anopheles_gambiae (PEST),MOZZ1051A_E5_C_F,888,,1,1,0,R%26D testing,3429,Team 112 R%26D,Plasmodium_falciparum (3D7_Oct11v3),0,Team 112 R%26D,22,
1,64063118,3429STDY12832993,,ATCTGCNNNNNNN,NNNNNNNNNNNNN,,Haplotagging,ATCTGCNNNNNNN,NNNNNNNNNNNNN,at10@sanger.ac.uk ca10@sanger.ac.uk cj9@sanger.ac.uk ekh@sanger.ac.uk hb6@sanger.ac.uk mjs@sanger.ac.uk ncb@sanger.ac.uk sg19@sanger.ac.uk,at10@sanger.ac.uk at10@sanger.ac.uk ca10@sanger.ac.uk ca10@sanger.ac.uk cj9@sanger.ac.uk cj9@sanger.ac.uk ekh@sanger.ac.uk ekh@sanger.ac.uk hb6@sanger.ac.uk hb6@sanger.ac.uk ncb@sanger.ac.uk ncb@sanger.ac.uk ncb@sanger.ac.uk ncb@sanger.ac.uk sg19@sanger.ac.uk sg19@sanger.ac.uk,mjs@sanger.ac.uk mjs@sanger.ac.uk ncb@sanger.ac.uk ncb@sanger.ac.uk ncb@sanger.ac.uk ncb@sanger.ac.uk,mjs@sanger.ac.uk mjs@sanger.ac.uk,,0,0,64074534,0,64063118,,1518534,S4061,,,standard,,,from:450 to:450,,,Anopheles coluzzii,0,,,3429STDY12832993,8215672,0,3429STDY12832993,,Anopheles_gambiae (PEST),MOZZ1051A_H6_C_F,888,,1,1,0,R%26D testing,3429,Team 112 R%26D,Plasmodium_falciparum (3D7_Oct11v3),0,Team 112 R%26D,23,
1,64063130,3429STDY12832994,,AGTTGGNNNNNNN,NNNNNNNNNNNNN,,Haplotagging,AGTTGGNNNNNNN,NNNNNNNNNNNNN,at10@sanger.ac.uk ca10@sanger.ac.uk cj9@sanger.ac.uk ekh@sanger.ac.uk hb6@sanger.ac.uk mjs@sanger.ac.uk ncb@sanger.ac.uk sg19@sanger.ac.uk,at10@sanger.ac.uk at10@sanger.ac.uk ca10@sanger.ac.uk ca10@sanger.ac.uk cj9@sanger.ac.uk cj9@sanger.ac.uk ekh@sanger.ac.uk ekh@sanger.ac.uk hb6@sanger.ac.uk hb6@sanger.ac.uk ncb@sanger.ac.uk ncb@sanger.ac.uk ncb@sanger.ac.uk ncb@sanger.ac.uk sg19@sanger.ac.uk sg19@sanger.ac.uk,mjs@sanger.ac.uk mjs@sanger.ac.uk ncb@sanger.ac.uk ncb@sanger.ac.uk ncb@sanger.ac.uk ncb@sanger.ac.uk,mjs@sanger.ac.uk mjs@sanger.ac.uk,,0,0,64074534,0,64063130,,1518534,S4061,,,standard,,,from:450 to:450,,,Anopheles coluzzii,0,,,3429STDY12832994,8215673,0,3429STDY12832994,,Anopheles_gambiae (PEST),MOZZ1051A_F6_C_F,888,,1,1,0,R%26D testing,3429,Team 112 R%26D,Plasmodium_falciparum (3D7_Oct11v3),0,Team 112 R%26D,24,
1,64063047,3429STDY12832995,,GACTGANNNNNNN,NNNNNNNNNNNNN,,Haplotagging,GACTGANNNNNNN,NNNNNNNNNNNNN,at10@sanger.ac.uk ca10@sanger.ac.uk cj9@sanger.ac.uk ekh@sanger.ac.uk hb6@sanger.ac.uk mjs@sanger.ac.uk ncb@sanger.ac.uk sg19@sanger.ac.uk,at10@sanger.ac.uk at10@sanger.ac.uk ca10@sanger.ac.uk ca10@sanger.ac.uk cj9@sanger.ac.uk cj9@sanger.ac.uk ekh@sanger.ac.uk ekh@sanger.ac.uk hb6@sanger.ac.uk hb6@sanger.ac.uk ncb@sanger.ac.uk ncb@sanger.ac.uk ncb@sanger.ac.uk ncb@sanger.ac.uk sg19@sanger.ac.uk sg19@sanger.ac.uk,mjs@sanger.ac.uk mjs@sanger.ac.uk ncb@sanger.ac.uk ncb@sanger.ac.uk ncb@sanger.ac.uk ncb@sanger.ac.uk,mjs@sanger.ac.uk mjs@sanger.ac.uk,,0,0,64074534,0,64063047,,286459,S4061,,,standard,,,from:450 to:450,,,Episyrphus balteatus,0,,,3429STDY12832995,8215674,0,3429STDY12832995,,Drosophila_melanogaster (Release_5),BSN_045_A_C10,888,,1,1,0,R%26D testing,3429,Team 112 R%26D,Plasmodium_falciparum (3D7_Oct11v3),0,Team 112 R%26D,25,
1,64063059,3429STDY12832996,,CGGTATNNNNNNN,NNNNNNNNNNNNN,,Haplotagging,CGGTATNNNNNNN,NNNNNNNNNNNNN,at10@sanger.ac.uk ca10@sanger.ac.uk cj9@sanger.ac.uk ekh@sanger.ac.uk hb6@sanger.ac.uk mjs@sanger.ac.uk ncb@sanger.ac.uk sg19@sanger.ac.uk,at10@sanger.ac.uk at10@sanger.ac.uk ca10@sanger.ac.uk ca10@sanger.ac.uk cj9@sanger.ac.uk cj9@sanger.ac.uk ekh@sanger.ac.uk ekh@sanger.ac.uk hb6@sanger.ac.uk hb6@sanger.ac.uk ncb@sanger.ac.uk ncb@sanger.ac.uk ncb@sanger.ac.uk ncb@sanger.ac.uk sg19@sanger.ac.uk sg19@sanger.ac.uk,mjs@sanger.ac.uk mjs@sanger.ac.uk ncb@sanger.ac.uk ncb@sanger.ac.uk ncb@sanger.ac.uk ncb@sanger.ac.uk,mjs@sanger.ac.uk mjs@sanger.ac.uk,,0,0,64074534,0,64063059,,286459,S4061,,,standard,,,from:450 to:450,,,Episyrphus balteatus,0,,,3429STDY12832996,8215675,0,3429STDY12832996,,Drosophila_melanogaster (Release_5),BSN_049_A_C10,888,,1,1,0,R%26D testing,3429,Team 112 R%26D,Plasmodium_falciparum (3D7_Oct11v3),0,Team 112 R%26D,26,
1,64063071,3429STDY12832997,,GCCTATNNNNNNN,NNNNNNNNNNNNN,,Haplotagging,GCCTATNNNNNNN,NNNNNNNNNNNNN,at10@sanger.ac.uk ca10@sanger.ac.uk cj9@sanger.ac.uk ekh@sanger.ac.uk hb6@sanger.ac.uk mjs@sanger.ac.uk ncb@sanger.ac.uk sg19@sanger.ac.uk,at10@sanger.ac.uk at10@sanger.ac.uk ca10@sanger.ac.uk ca10@sanger.ac.uk cj9@sanger.ac.uk cj9@sanger.ac.uk ekh@sanger.ac.uk ekh@sanger.ac.uk hb6@sanger.ac.uk hb6@sanger.ac.uk ncb@sanger.ac.uk ncb@sanger.ac.uk ncb@sanger.ac.uk ncb@sanger.ac.uk sg19@sanger.ac.uk sg19@sanger.ac.uk,mjs@sanger.ac.uk mjs@sanger.ac.uk ncb@sanger.ac.uk ncb@sanger.ac.uk ncb@sanger.ac.uk ncb@sanger.ac.uk,mjs@sanger.ac.uk mjs@sanger.ac.uk,,0,0,64074534,0,64063071,,62324,S4061,,,standard,,,from:450 to:450,,,Anopheles funestus,0,,,3429STDY12832997,8215676,0,3429STDY12832997,,Anopheles_funestus (FUMOZ_AfunF1),GDNA00000566A-G5,888,,1,1,0,R%26D testing,3429,Team 112 R%26D,Plasmodium_falciparum (3D7_Oct11v3),0,Team 112 R%26D,27,
1,64063083,3429STDY12832998,,CACTACNNNNNNN,NNNNNNNNNNNNN,,Haplotagging,CACTACNNNNNNN,NNNNNNNNNNNNN,at10@sanger.ac.uk ca10@sanger.ac.uk cj9@sanger.ac.uk ekh@sanger.ac.uk hb6@sanger.ac.uk mjs@sanger.ac.uk ncb@sanger.ac.uk sg19@sanger.ac.uk,at10@sanger.ac.uk at10@sanger.ac.uk ca10@sanger.ac.uk ca10@sanger.ac.uk cj9@sanger.ac.uk cj9@sanger.ac.uk ekh@sanger.ac.uk ekh@sanger.ac.uk hb6@sanger.ac.uk hb6@sanger.ac.uk ncb@sanger.ac.uk ncb@sanger.ac.uk ncb@sanger.ac.uk ncb@sanger.ac.uk sg19@sanger.ac.uk sg19@sanger.ac.uk,mjs@sanger.ac.uk mjs@sanger.ac.uk ncb@sanger.ac.uk ncb@sanger.ac.uk ncb@sanger.ac.uk ncb@sanger.ac.uk,mjs@sanger.ac.uk mjs@sanger.ac.uk,,0,0,64074534,0,64063083,,62324,S4061,,,standard,,,from:450 to:450,,,Anopheles funestus,0,,,3429STDY12832998,8215677,0,3429STDY12832998,,Anopheles_funestus (FUMOZ_AfunF1),GDNA00000566A-G9,888,,1,1,0,R%26D testing,3429,Team 112 R%26D,Plasmodium_falciparum (3D7_Oct11v3),0,Team 112 R%26D,28,
1,64063095,3429STDY12832999,,GAGTAGNNNNNNN,NNNNNNNNNNNNN,,Haplotagging,GAGTAGNNNNNNN,NNNNNNNNNNNNN,at10@sanger.ac.uk ca10@sanger.ac.uk cj9@sanger.ac.uk ekh@sanger.ac.uk hb6@sanger.ac.uk mjs@sanger.ac.uk ncb@sanger.ac.uk sg19@sanger.ac.uk,at10@sanger.ac.uk at10@sanger.ac.uk ca10@sanger.ac.uk ca10@sanger.ac.uk cj9@sanger.ac.uk cj9@sanger.ac.uk ekh@sanger.ac.uk ekh@sanger.ac.uk hb6@sanger.ac.uk hb6@sanger.ac.uk ncb@sanger.ac.uk ncb@sanger.ac.uk ncb@sanger.ac.uk ncb@sanger.ac.uk sg19@sanger.ac.uk sg19@sanger.ac.uk,mjs@sanger.ac.uk mjs@sanger.ac.uk ncb@sanger.ac.uk ncb@sanger.ac.uk ncb@sanger.ac.uk ncb@sanger.ac.uk,mjs@sanger.ac.uk mjs@sanger.ac.uk,,0,0,64074534,0,64063095,,62324,S4061,,,standard,,,from:450 to:450,,,Anopheles funestus,0,,,3429STDY12832999,8215678,0,3429STDY12832999,,Anopheles_funestus (FUMOZ_AfunF1),GDNA00000567A-A4,888,,1,1,0,R%26D testing,3429,Team 112 R%26D,Plasmodium_falciparum (3D7_Oct11v3),0,Team 112 R%26D,29,
1,64063107,3429STDY12833000,,CGTCTTNNNNNNN,NNNNNNNNNNNNN,,Haplotagging,CGTCTTNNNNNNN,NNNNNNNNNNNNN,at10@sanger.ac.uk ca10@sanger.ac.uk cj9@sanger.ac.uk ekh@sanger.ac.uk hb6@sanger.ac.uk mjs@sanger.ac.uk ncb@sanger.ac.uk sg19@sanger.ac.uk,at10@sanger.ac.uk at10@sanger.ac.uk ca10@sanger.ac.uk ca10@sanger.ac.uk cj9@sanger.ac.uk cj9@sanger.ac.uk ekh@sanger.ac.uk ekh@sanger.ac.uk hb6@sanger.ac.uk hb6@sanger.ac.uk ncb@sanger.ac.uk ncb@sanger.ac.uk ncb@sanger.ac.uk ncb@sanger.ac.uk sg19@sanger.ac.uk sg19@sanger.ac.uk,mjs@sanger.ac.uk mjs@sanger.ac.uk ncb@sanger.ac.uk ncb@sanger.ac.uk ncb@sanger.ac.uk ncb@sanger.ac.uk,mjs@sanger.ac.uk mjs@sanger.ac.uk,,0,0,64074534,0,64063107,,62324,S4061,,,standard,,,from:450 to:450,,,Anopheles funestus,0,,,3429STDY12833000,8215679,0,3429STDY12833000,,Anopheles_funestus (FUMOZ_AfunF1),GDNA00000567A-A11,888,,1,1,0,R%26D testing,3429,Team 112 R%26D,Plasmodium_falciparum (3D7_Oct11v3),0,Team 112 R%26D,30,
1,64063119,3429STDY12833001,,GCACTTNNNNNNN,NNNNNNNNNNNNN,,Haplotagging,GCACTTNNNNNNN,NNNNNNNNNNNNN,at10@sanger.ac.uk ca10@sanger.ac.uk cj9@sanger.ac.uk ekh@sanger.ac.uk hb6@sanger.ac.uk mjs@sanger.ac.uk ncb@sanger.ac.uk sg19@sanger.ac.uk,at10@sanger.ac.uk at10@sanger.ac.uk ca10@sanger.ac.uk ca10@sanger.ac.uk cj9@sanger.ac.uk cj9@sanger.ac.uk ekh@sanger.ac.uk ekh@sanger.ac.uk hb6@sanger.ac.uk hb6@sanger.ac.uk ncb@sanger.ac.uk ncb@sanger.ac.uk ncb@sanger.ac.uk ncb@sanger.ac.uk sg19@sanger.ac.uk sg19@sanger.ac.uk,mjs@sanger.ac.uk mjs@sanger.ac.uk ncb@sanger.ac.uk ncb@sanger.ac.uk ncb@sanger.ac.uk ncb@sanger.ac.uk,mjs@sanger.ac.uk mjs@sanger.ac.uk,,0,0,64074534,0,64063119,,62324,S4061,,,standard,,,from:450 to:450,,,Anopheles funestus,0,,,3429STDY12833001,8260476,0,3429STDY12833001,,Anopheles_funestus (FUMOZ_AfunF1),FD18582514,888,,1,1,0,R%26D testing,3429,Team 112 R%26D,Plasmodium_falciparum (3D7_Oct11v3),0,Team 112 R%26D,31,
1,64063131,3429STDY12833002,,TGACTCNNNNNNN,NNNNNNNNNNNNN,,Haplotagging,TGACTCNNNNNNN,NNNNNNNNNNNNN,at10@sanger.ac.uk ca10@sanger.ac.uk cj9@sanger.ac.uk ekh@sanger.ac.uk hb6@sanger.ac.uk mjs@sanger.ac.uk ncb@sanger.ac.uk sg19@sanger.ac.uk,at10@sanger.ac.uk at10@sanger.ac.uk ca10@sanger.ac.uk ca10@sanger.ac.uk cj9@sanger.ac.uk cj9@sanger.ac.uk ekh@sanger.ac.uk ekh@sanger.ac.uk hb6@sanger.ac.uk hb6@sanger.ac.uk ncb@sanger.ac.uk ncb@sanger.ac.uk ncb@sanger.ac.uk ncb@sanger.ac.uk sg19@sanger.ac.uk sg19@sanger.ac.uk,mjs@sanger.ac.uk mjs@sanger.ac.uk ncb@sanger.ac.uk ncb@sanger.ac.uk ncb@sanger.ac.uk ncb@sanger.ac.uk,mjs@sanger.ac.uk mjs@sanger.ac.uk,,0,0,64074534,0,64063131,,7165,S4061,,,standard,,,from:450 to:450,,,Anopheles gambiae,0,,,3429STDY12833002,8260477,0,3429STDY12833002,,Anopheles_gambiae (PEST),FD18582516,888,,1,1,0,R%26D testing,3429,Team 112 R%26D,Plasmodium_falciparum (3D7_Oct11v3),0,Team 112 R%26D,32,
1,64063048,3429STDY12833003,,AACCTCNNNNNNN,NNNNNNNNNNNNN,,Haplotagging,AACCTCNNNNNNN,NNNNNNNNNNNNN,at10@sanger.ac.uk ca10@sanger.ac.uk cj9@sanger.ac.uk ekh@sanger.ac.uk hb6@sanger.ac.uk mjs@sanger.ac.uk ncb@sanger.ac.uk sg19@sanger.ac.uk,at10@sanger.ac.uk at10@sanger.ac.uk ca10@sanger.ac.uk ca10@sanger.ac.uk cj9@sanger.ac.uk cj9@sanger.ac.uk ekh@sanger.ac.uk ekh@sanger.ac.uk hb6@sanger.ac.uk hb6@sanger.ac.uk ncb@sanger.ac.uk ncb@sanger.ac.uk ncb@sanger.ac.uk ncb@sanger.ac.uk sg19@sanger.ac.uk sg19@sanger.ac.uk,mjs@sanger.ac.uk mjs@sanger.ac.uk ncb@sanger.ac.uk ncb@sanger.ac.uk ncb@sanger.ac.uk ncb@sanger.ac.uk,mjs@sanger.ac.uk mjs@sanger.ac.uk,,0,0,64074534,0,64063048,,62324,S4061,,,standard,,,from:450 to:450,,,Anopheles funestus,0,,,3429STDY12833003,8260478,0,3429STDY12833003,,Anopheles_funestus (FUMOZ_AfunF1),FD18582546,888,,1,1,0,R%26D testing,3429,Team 112 R%26D,Plasmodium_falciparum (3D7_Oct11v3),0,Team 112 R%26D,33,
1,64063060,3429STDY12833004,,CTACTGNNNNNNN,NNNNNNNNNNNNN,,Haplotagging,CTACTGNNNNNNN,NNNNNNNNNNNNN,at10@sanger.ac.uk ca10@sanger.ac.uk cj9@sanger.ac.uk ekh@sanger.ac.uk hb6@sanger.ac.uk mjs@sanger.ac.uk ncb@sanger.ac.uk sg19@sanger.ac.uk,at10@sanger.ac.uk at10@sanger.ac.uk ca10@sanger.ac.uk ca10@sanger.ac.uk cj9@sanger.ac.uk cj9@sanger.ac.uk ekh@sanger.ac.uk ekh@sanger.ac.uk hb6@sanger.ac.uk hb6@sanger.ac.uk ncb@sanger.ac.uk ncb@sanger.ac.uk ncb@sanger.ac.uk ncb@sanger.ac.uk sg19@sanger.ac.uk sg19@sanger.ac.uk,mjs@sanger.ac.uk mjs@sanger.ac.uk ncb@sanger.ac.uk ncb@sanger.ac.uk ncb@sanger.ac.uk ncb@sanger.ac.uk,mjs@sanger.ac.uk mjs@sanger.ac.uk,,0,0,64074534,0,64063060,,7165,S4061,,,standard,,,from:450 to:450,,,Anopheles gambiae,0,,,3429STDY12833004,8260479,0,3429STDY12833004,,Anopheles_gambiae (PEST),FF00807850,888,,1,1,0,R%26D testing,3429,Team 112 R%26D,Plasmodium_falciparum (3D7_Oct11v3),0,Team 112 R%26D,34,
1,64063072,3429STDY12833005,,GATCTGNNNNNNN,NNNNNNNNNNNNN,,Haplotagging,GATCTGNNNNNNN,NNNNNNNNNNNNN,at10@sanger.ac.uk ca10@sanger.ac.uk cj9@sanger.ac.uk ekh@sanger.ac.uk hb6@sanger.ac.uk mjs@sanger.ac.uk ncb@sanger.ac.uk sg19@sanger.ac.uk,at10@sanger.ac.uk at10@sanger.ac.uk ca10@sanger.ac.uk ca10@sanger.ac.uk cj9@sanger.ac.uk cj9@sanger.ac.uk ekh@sanger.ac.uk ekh@sanger.ac.uk hb6@sanger.ac.uk hb6@sanger.ac.uk ncb@sanger.ac.uk ncb@sanger.ac.uk ncb@sanger.ac.uk ncb@sanger.ac.uk sg19@sanger.ac.uk sg19@sanger.ac.uk,mjs@sanger.ac.uk mjs@sanger.ac.uk ncb@sanger.ac.uk ncb@sanger.ac.uk ncb@sanger.ac.uk ncb@sanger.ac.uk,mjs@sanger.ac.uk mjs@sanger.ac.uk,,0,0,64074534,0,64063072,,1518534,S4061,,,standard,,,from:450 to:450,,,Anopheles coluzzii,0,,,3429STDY12833005,8260480,0,3429STDY12833005,,Anopheles_gambiae (PEST),HMW-male-3,888,,1,1,0,R%26D testing,3429,Team 112 R%26D,Plasmodium_falciparum (3D7_Oct11v3),0,Team 112 R%26D,35,
1,64063084,3429STDY12833006,,AGGCTANNNNNNN,NNNNNNNNNNNNN,,Haplotagging,AGGCTANNNNNNN,NNNNNNNNNNNNN,at10@sanger.ac.uk ca10@sanger.ac.uk cj9@sanger.ac.uk ekh@sanger.ac.uk hb6@sanger.ac.uk mjs@sanger.ac.uk ncb@sanger.ac.uk sg19@sanger.ac.uk,at10@sanger.ac.uk at10@sanger.ac.uk ca10@sanger.ac.uk ca10@sanger.ac.uk cj9@sanger.ac.uk cj9@sanger.ac.uk ekh@sanger.ac.uk ekh@sanger.ac.uk hb6@sanger.ac.uk hb6@sanger.ac.uk ncb@sanger.ac.uk ncb@sanger.ac.uk ncb@sanger.ac.uk ncb@sanger.ac.uk sg19@sanger.ac.uk sg19@sanger.ac.uk,mjs@sanger.ac.uk mjs@sanger.ac.uk ncb@sanger.ac.uk ncb@sanger.ac.uk ncb@sanger.ac.uk ncb@sanger.ac.uk,mjs@sanger.ac.uk mjs@sanger.ac.uk,,0,0,64074534,0,64063084,,1518534,S4061,,,standard,,,from:450 to:450,,,Anopheles coluzzii,0,,,3429STDY12833006,8260481,0,3429STDY12833006,,Anopheles_gambiae (PEST),HMW-female-3,888,,1,1,0,R%26D testing,3429,Team 112 R%26D,Plasmodium_falciparum (3D7_Oct11v3),0,Team 112 R%26D,36,
1,27409531,phiX_for_spiked_buffers,,TGTGCAGC,ACTGATGT,,,TGTGCAGC,ACTGATGT,,,,,,1,0,64074534,0,27409531,,10847,,,,standard,,,,,,,0,,,,1255141,,phiX_for_spiked_buffers,,PhiX (Sanger-SNPs),,888,,1,0,0,None,198,Illumina Controls, ,0,,888,
2,64063044,3429STDY12832971,,GAAACGNNNNNNN,NNNNNNNNNNNNN,,Haplotagging,GAAACGNNNNNNN,NNNNNNNNNNNNN,at10@sanger.ac.uk ca10@sanger.ac.uk cj9@sanger.ac.uk ekh@sanger.ac.uk hb6@sanger.ac.uk mjs@sanger.ac.uk ncb@sanger.ac.uk sg19@sanger.ac.uk,at10@sanger.ac.uk at10@sanger.ac.uk ca10@sanger.ac.uk ca10@sanger.ac.uk cj9@sanger.ac.uk cj9@sanger.ac.uk ekh@sanger.ac.uk ekh@sanger.ac.uk hb6@sanger.ac.uk hb6@sanger.ac.uk ncb@sanger.ac.uk ncb@sanger.ac.uk ncb@sanger.ac.uk ncb@sanger.ac.uk sg19@sanger.ac.uk sg19@sanger.ac.uk,mjs@sanger.ac.uk mjs@sanger.ac.uk ncb@sanger.ac.uk ncb@sanger.ac.uk ncb@sanger.ac.uk ncb@sanger.ac.uk,mjs@sanger.ac.uk mjs@sanger.ac.uk,,0,0,64074535,0,64063044,,1518534,S4061,,,standard,,,from:450 to:450,,,Anopheles coluzzii,0,,,3429STDY12832971,8215650,0,3429STDY12832971,,Anopheles_gambiae (PEST),MOZZ1046A_A12_KCl_M,888,,1,1,0,R%26D testing,3429,Team 112 R%26D,Plasmodium_falciparum (3D7_Oct11v3),0,Team 112 R%26D,1,
2,64063056,3429STDY12832972,,ACACCANNNNNNN,NNNNNNNNNNNNN,,Haplotagging,ACACCANNNNNNN,NNNNNNNNNNNNN,at10@sanger.ac.uk ca10@sanger.ac.uk cj9@sanger.ac.uk ekh@sanger.ac.uk hb6@sanger.ac.uk mjs@sanger.ac.uk ncb@sanger.ac.uk sg19@sanger.ac.uk,at10@sanger.ac.uk at10@sanger.ac.uk ca10@sanger.ac.uk ca10@sanger.ac.uk cj9@sanger.ac.uk cj9@sanger.ac.uk ekh@sanger.ac.uk ekh@sanger.ac.uk hb6@sanger.ac.uk hb6@sanger.ac.uk ncb@sanger.ac.uk ncb@sanger.ac.uk ncb@sanger.ac.uk ncb@sanger.ac.uk sg19@sanger.ac.uk sg19@sanger.ac.uk,mjs@sanger.ac.uk mjs@sanger.ac.uk ncb@sanger.ac.uk ncb@sanger.ac.uk ncb@sanger.ac.uk ncb@sanger.ac.uk,mjs@sanger.ac.uk mjs@sanger.ac.uk,,0,0,64074535,0,64063056,,1518534,S4061,,,standard,,,from:450 to:450,,,Anopheles coluzzii,0,,,3429STDY12832972,8215651,0,3429STDY12832972,,Anopheles_gambiae (PEST),MOZZ1046A_B12_KCl_M,888,,1,1,0,R%26D testing,3429,Team 112 R%26D,Plasmodium_falciparum (3D7_Oct11v3),0,Team 112 R%26D,2,
2,64063068,3429STDY12832973,,TCGAGANNNNNNN,NNNNNNNNNNNNN,,Haplotagging,TCGAGANNNNNNN,NNNNNNNNNNNNN,at10@sanger.ac.uk ca10@sanger.ac.uk cj9@sanger.ac.uk ekh@sanger.ac.uk hb6@sanger.ac.uk mjs@sanger.ac.uk ncb@sanger.ac.uk sg19@sanger.ac.uk,at10@sanger.ac.uk at10@sanger.ac.uk ca10@sanger.ac.uk ca10@sanger.ac.uk cj9@sanger.ac.uk cj9@sanger.ac.uk ekh@sanger.ac.uk ekh@sanger.ac.uk hb6@sanger.ac.uk hb6@sanger.ac.uk ncb@sanger.ac.uk ncb@sanger.ac.uk ncb@sanger.ac.uk ncb@sanger.ac.uk sg19@sanger.ac.uk sg19@sanger.ac.uk,mjs@sanger.ac.uk mjs@sanger.ac.uk ncb@sanger.ac.uk ncb@sanger.ac.uk ncb@sanger.ac.uk ncb@sanger.ac.uk,mjs@sanger.ac.uk mjs@sanger.ac.uk,,0,0,64074535,0,64063068,,1518534,S4061,,,standard,,,from:450 to:450,,,Anopheles coluzzii,0,,,3429STDY12832973,8215652,0,3429STDY12832973,,Anopheles_gambiae (PEST),MOZZ1046A_C12_KCl_M,888,,1,1,0,R%26D testing,3429,Team 112 R%26D,Plasmodium_falciparum (3D7_Oct11v3),0,Team 112 R%26D,3,
2,64063080,3429STDY12832974,,TCCTTCNNNNNNN,NNNNNNNNNNNNN,,Haplotagging,TCCTTCNNNNNNN,NNNNNNNNNNNNN,at10@sanger.ac.uk ca10@sanger.ac.uk cj9@sanger.ac.uk ekh@sanger.ac.uk hb6@sanger.ac.uk mjs@sanger.ac.uk ncb@sanger.ac.uk sg19@sanger.ac.uk,at10@sanger.ac.uk at10@sanger.ac.uk ca10@sanger.ac.uk ca10@sanger.ac.uk cj9@sanger.ac.uk cj9@sanger.ac.uk ekh@sanger.ac.uk ekh@sanger.ac.uk hb6@sanger.ac.uk hb6@sanger.ac.uk ncb@sanger.ac.uk ncb@sanger.ac.uk ncb@sanger.ac.uk ncb@sanger.ac.uk sg19@sanger.ac.uk sg19@sanger.ac.uk,mjs@sanger.ac.uk mjs@sanger.ac.uk ncb@sanger.ac.uk ncb@sanger.ac.uk ncb@sanger.ac.uk ncb@sanger.ac.uk,mjs@sanger.ac.uk mjs@sanger.ac.uk,,0,0,64074535,0,64063080,,1518534,S4061,,,standard,,,from:450 to:450,,,Anopheles coluzzii,0,,,3429STDY12832974,8215653,0,3429STDY12832974,,Anopheles_gambiae (PEST),MOZZ1046A_E11_KCl_F,888,,1,1,0,R%26D testing,3429,Team 112 R%26D,Plasmodium_falciparum (3D7_Oct11v3),0,Team 112 R%26D,4,
2,64063092,3429STDY12832975,,CTGTTCNNNNNNN,NNNNNNNNNNNNN,,Haplotagging,CTGTTCNNNNNNN,NNNNNNNNNNNNN,at10@sanger.ac.uk ca10@sanger.ac.uk cj9@sanger.ac.uk ekh@sanger.ac.uk hb6@sanger.ac.uk mjs@sanger.ac.uk ncb@sanger.ac.uk sg19@sanger.ac.uk,at10@sanger.ac.uk at10@sanger.ac.uk ca10@sanger.ac.uk ca10@sanger.ac.uk cj9@sanger.ac.uk cj9@sanger.ac.uk ekh@sanger.ac.uk ekh@sanger.ac.uk hb6@sanger.ac.uk hb6@sanger.ac.uk ncb@sanger.ac.uk ncb@sanger.ac.uk ncb@sanger.ac.uk ncb@sanger.ac.uk sg19@sanger.ac.uk sg19@sanger.ac.uk,mjs@sanger.ac.uk mjs@sanger.ac.uk ncb@sanger.ac.uk ncb@sanger.ac.uk ncb@sanger.ac.uk ncb@sanger.ac.uk,mjs@sanger.ac.uk mjs@sanger.ac.uk,,0,0,64074535,0,64063092,,1518534,S4061,,,standard,,,from:450 to:450,,,Anopheles coluzzii,0,,,3429STDY12832975,8215654,0,3429STDY12832975,,Anopheles_gambiae (PEST),MOZZ1046A_E12_KCl_F,888,,1,1,0,R%26D testing,3429,Team 112 R%26D,Plasmodium_falciparum (3D7_Oct11v3),0,Team 112 R%26D,5,
2,64063104,3429STDY12832976,,GGTTTCNNNNNNN,NNNNNNNNNNNNN,,Haplotagging,GGTTTCNNNNNNN,NNNNNNNNNNNNN,at10@sanger.ac.uk ca10@sanger.ac.uk cj9@sanger.ac.uk ekh@sanger.ac.uk hb6@sanger.ac.uk mjs@sanger.ac.uk ncb@sanger.ac.uk sg19@sanger.ac.uk,at10@sanger.ac.uk at10@sanger.ac.uk ca10@sanger.ac.uk ca10@sanger.ac.uk cj9@sanger.ac.uk cj9@sanger.ac.uk ekh@sanger.ac.uk ekh@sanger.ac.uk hb6@sanger.ac.uk hb6@sanger.ac.uk ncb@sanger.ac.uk ncb@sanger.ac.uk ncb@sanger.ac.uk ncb@sanger.ac.uk sg19@sanger.ac.uk sg19@sanger.ac.uk,mjs@sanger.ac.uk mjs@sanger.ac.uk ncb@sanger.ac.uk ncb@sanger.ac.uk ncb@sanger.ac.uk ncb@sanger.ac.uk,mjs@sanger.ac.uk mjs@sanger.ac.uk,,0,0,64074535,0,64063104,,1518534,S4061,,,standard,,,from:450 to:450,,,Anopheles coluzzii,0,,,3429STDY12832976,8215655,0,3429STDY12832976,,Anopheles_gambiae (PEST),MOZZ1046A_F12_KCl_F,888,,1,1,0,R%26D testing,3429,Team 112 R%26D,Plasmodium_falciparum (3D7_Oct11v3),0,Team 112 R%26D,6,
2,64063116,3429STDY12832977,,TGGTTGNNNNNNN,NNNNNNNNNNNNN,,Haplotagging,TGGTTGNNNNNNN,NNNNNNNNNNNNN,at10@sanger.ac.uk ca10@sanger.ac.uk cj9@sanger.ac.uk ekh@sanger.ac.uk hb6@sanger.ac.uk mjs@sanger.ac.uk ncb@sanger.ac.uk sg19@sanger.ac.uk,at10@sanger.ac.uk at10@sanger.ac.uk ca10@sanger.ac.uk ca10@sanger.ac.uk cj9@sanger.ac.uk cj9@sanger.ac.uk ekh@sanger.ac.uk ekh@sanger.ac.uk hb6@sanger.ac.uk hb6@sanger.ac.uk ncb@sanger.ac.uk ncb@sanger.ac.uk ncb@sanger.ac.uk ncb@sanger.ac.uk sg19@sanger.ac.uk sg19@sanger.ac.uk,mjs@sanger.ac.uk mjs@sanger.ac.uk ncb@sanger.ac.uk ncb@sanger.ac.uk ncb@sanger.ac.uk ncb@sanger.ac.uk,mjs@sanger.ac.uk mjs@sanger.ac.uk,,0,0,64074535,0,64063116,,1518534,S4061,,,standard,,,from:450 to:450,,,Anopheles coluzzii,0,,,3429STDY12832977,8215656,0,3429STDY12832977,,Anopheles_gambiae (PEST),MOZZ1046A_C5_C_M,888,,1,1,0,R%26D testing,3429,Team 112 R%26D,Plasmodium_falciparum (3D7_Oct11v3),0,Team 112 R%26D,7,
2,64063128,3429STDY12832978,,CCTTTGNNNNNNN,NNNNNNNNNNNNN,,Haplotagging,CCTTTGNNNNNNN,NNNNNNNNNNNNN,at10@sanger.ac.uk ca10@sanger.ac.uk cj9@sanger.ac.uk ekh@sanger.ac.uk hb6@sanger.ac.uk mjs@sanger.ac.uk ncb@sanger.ac.uk sg19@sanger.ac.uk,at10@sanger.ac.uk at10@sanger.ac.uk ca10@sanger.ac.uk ca10@sanger.ac.uk cj9@sanger.ac.uk cj9@sanger.ac.uk ekh@sanger.ac.uk ekh@sanger.ac.uk hb6@sanger.ac.uk hb6@sanger.ac.uk ncb@sanger.ac.uk ncb@sanger.ac.uk ncb@sanger.ac.uk ncb@sanger.ac.uk sg19@sanger.ac.uk sg19@sanger.ac.uk,mjs@sanger.ac.uk mjs@sanger.ac.uk ncb@sanger.ac.uk ncb@sanger.ac.uk ncb@sanger.ac.uk ncb@sanger.ac.uk,mjs@sanger.ac.uk mjs@sanger.ac.uk,,0,0,64074535,0,64063128,,1518534,S4061,,,standard,,,from:450 to:450,,,Anopheles coluzzii,0,,,3429STDY12832978,8215657,0,3429STDY12832978,,Anopheles_gambiae (PEST),MOZZ1046A_C6_C_M,888,,1,1,0,R%26D testing,3429,Team 112 R%26D,Plasmodium_falciparum (3D7_Oct11v3),0,Team 112 R%26D,8,
2,64063045,3429STDY12832979,,GTCTTGNNNNNNN,NNNNNNNNNNNNN,,Haplotagging,GTCTTGNNNNNNN,NNNNNNNNNNNNN,at10@sanger.ac.uk ca10@sanger.ac.uk cj9@sanger.ac.uk ekh@sanger.ac.uk hb6@sanger.ac.uk mjs@sanger.ac.uk ncb@sanger.ac.uk sg19@sanger.ac.uk,at10@sanger.ac.uk at10@sanger.ac.uk ca10@sanger.ac.uk ca10@sanger.ac.uk cj9@sanger.ac.uk cj9@sanger.ac.uk ekh@sanger.ac.uk ekh@sanger.ac.uk hb6@sanger.ac.uk hb6@sanger.ac.uk ncb@sanger.ac.uk ncb@sanger.ac.uk ncb@sanger.ac.uk ncb@sanger.ac.uk sg19@sanger.ac.uk sg19@sanger.ac.uk,mjs@sanger.ac.uk mjs@sanger.ac.uk ncb@sanger.ac.uk ncb@sanger.ac.uk ncb@sanger.ac.uk ncb@sanger.ac.uk,mjs@sanger.ac.uk mjs@sanger.ac.uk,,0,0,64074535,0,64063045,,1518534,S4061,,,standard,,,from:450 to:450,,,Anopheles coluzzii,0,,,3429STDY12832979,8215658,0,3429STDY12832979,,Anopheles_gambiae (PEST),MOZZ1046A_D6_C_M,888,,1,1,0,R%26D testing,3429,Team 112 R%26D,Plasmodium_falciparum (3D7_Oct11v3),0,Team 112 R%26D,9,
2,64063057,3429STDY12832980,,CGCTTANNNNNNN,NNNNNNNNNNNNN,,Haplotagging,CGCTTANNNNNNN,NNNNNNNNNNNNN,at10@sanger.ac.uk ca10@sanger.ac.uk cj9@sanger.ac.uk ekh@sanger.ac.uk hb6@sanger.ac.uk mjs@sanger.ac.uk ncb@sanger.ac.uk sg19@sanger.ac.uk,at10@sanger.ac.uk at10@sanger.ac.uk ca10@sanger.ac.uk ca10@sanger.ac.uk cj9@sanger.ac.uk cj9@sanger.ac.uk ekh@sanger.ac.uk ekh@sanger.ac.uk hb6@sanger.ac.uk hb6@sanger.ac.uk ncb@sanger.ac.uk ncb@sanger.ac.uk ncb@sanger.ac.uk ncb@sanger.ac.uk sg19@sanger.ac.uk sg19@sanger.ac.uk,mjs@sanger.ac.uk mjs@sanger.ac.uk ncb@sanger.ac.uk ncb@sanger.ac.uk ncb@sanger.ac.uk ncb@sanger.ac.uk,mjs@sanger.ac.uk mjs@sanger.ac.uk,,0,0,64074535,0,64063057,,1518534,S4061,,,standard,,,from:450 to:450,,,Anopheles coluzzii,0,,,3429STDY12832980,8215659,0,3429STDY12832980,,Anopheles_gambiae (PEST),MOZZ1046A_E5_C_F,888,,1,1,0,R%26D testing,3429,Team 112 R%26D,Plasmodium_falciparum (3D7_Oct11v3),0,Team 112 R%26D,10,
2,64063069,3429STDY12832981,,GCGTTANNNNNNN,NNNNNNNNNNNNN,,Haplotagging,GCGTTANNNNNNN,NNNNNNNNNNNNN,at10@sanger.ac.uk ca10@sanger.ac.uk cj9@sanger.ac.uk ekh@sanger.ac.uk hb6@sanger.ac.uk mjs@sanger.ac.uk ncb@sanger.ac.uk sg19@sanger.ac.uk,at10@sanger.ac.uk at10@sanger.ac.uk ca10@sanger.ac.uk ca10@sanger.ac.uk cj9@sanger.ac.uk cj9@sanger.ac.uk ekh@sanger.ac.uk ekh@sanger.ac.uk hb6@sanger.ac.uk hb6@sanger.ac.uk ncb@sanger.ac.uk ncb@sanger.ac.uk ncb@sanger.ac.uk ncb@sanger.ac.uk sg19@sanger.ac.uk sg19@sanger.ac.uk,mjs@sanger.ac.uk mjs@sanger.ac.uk ncb@sanger.ac.uk ncb@sanger.ac.uk ncb@sanger.ac.uk ncb@sanger.ac.uk,mjs@sanger.ac.uk mjs@sanger.ac.uk,,0,0,64074535,0,64063069,,1518534,S4061,,,standard,,,from:450 to:450,,,Anopheles coluzzii,0,,,3429STDY12832981,8215660,0,3429STDY12832981,,Anopheles_gambiae (PEST),MOZZ1046A_H6_C_F,888,,1,1,0,R%26D testing,3429,Team 112 R%26D,Plasmodium_falciparum (3D7_Oct11v3),0,Team 112 R%26D,11,
2,64063081,3429STDY12832982,,TCGTCTNNNNNNN,NNNNNNNNNNNNN,,Haplotagging,TCGTCTNNNNNNN,NNNNNNNNNNNNN,at10@sanger.ac.uk ca10@sanger.ac.uk cj9@sanger.ac.uk ekh@sanger.ac.uk hb6@sanger.ac.uk mjs@sanger.ac.uk ncb@sanger.ac.uk sg19@sanger.ac.uk,at10@sanger.ac.uk at10@sanger.ac.uk ca10@sanger.ac.uk ca10@sanger.ac.uk cj9@sanger.ac.uk cj9@sanger.ac.uk ekh@sanger.ac.uk ekh@sanger.ac.uk hb6@sanger.ac.uk hb6@sanger.ac.uk ncb@sanger.ac.uk ncb@sanger.ac.uk ncb@sanger.ac.uk ncb@sanger.ac.uk sg19@sanger.ac.uk sg19@sanger.ac.uk,mjs@sanger.ac.uk mjs@sanger.ac.uk ncb@sanger.ac.uk ncb@sanger.ac.uk ncb@sanger.ac.uk ncb@sanger.ac.uk,mjs@sanger.ac.uk mjs@sanger.ac.uk,,0,0,64074535,0,64063081,,1518534,S4061,,,standard,,,from:450 to:450,,,Anopheles coluzzii,0,,,3429STDY12832982,8215661,0,3429STDY12832982,,Anopheles_gambiae (PEST),MOZZ1046A_F6_C_F,888,,1,1,0,R%26D testing,3429,Team 112 R%26D,Plasmodium_falciparum (3D7_Oct11v3),0,Team 112 R%26D,12,
2,64063093,3429STDY12832983,,CTCTCTNNNNNNN,NNNNNNNNNNNNN,,Haplotagging,CTCTCTNNNNNNN,NNNNNNNNNNNNN,at10@sanger.ac.uk ca10@sanger.ac.uk cj9@sanger.ac.uk ekh@sanger.ac.uk hb6@sanger.ac.uk mjs@sanger.ac.uk ncb@sanger.ac.uk sg19@sanger.ac.uk,at10@sanger.ac.uk at10@sanger.ac.uk ca10@sanger.ac.uk ca10@sanger.ac.uk cj9@sanger.ac.uk cj9@sanger.ac.uk ekh@sanger.ac.uk ekh@sanger.ac.uk hb6@sanger.ac.uk hb6@sanger.ac.uk ncb@sanger.ac.uk ncb@sanger.ac.uk ncb@sanger.ac.uk ncb@sanger.ac.uk sg19@sanger.ac.uk sg19@sanger.ac.uk,mjs@sanger.ac.uk mjs@sanger.ac.uk ncb@sanger.ac.uk ncb@sanger.ac.uk ncb@sanger.ac.uk ncb@sanger.ac.uk,mjs@sanger.ac.uk mjs@sanger.ac.uk,,0,0,64074535,0,64063093,,1518534,S4061,,,standard,,,from:450 to:450,,,Anopheles coluzzii,0,,,3429STDY12832983,8215662,0,3429STDY12832983,,Anopheles_gambiae (PEST),MOZZ1051A_A12_KCl_M,888,,1,1,0,R%26D testing,3429,Team 112 R%26D,Plasmodium_falciparum (3D7_Oct11v3),0,Team 112 R%26D,13,
2,64063105,3429STDY12832984,,GGATCTNNNNNNN,NNNNNNNNNNNNN,,Haplotagging,GGATCTNNNNNNN,NNNNNNNNNNNNN,at10@sanger.ac.uk ca10@sanger.ac.uk cj9@sanger.ac.uk ekh@sanger.ac.uk hb6@sanger.ac.uk mjs@sanger.ac.uk ncb@sanger.ac.uk sg19@sanger.ac.uk,at10@sanger.ac.uk at10@sanger.ac.uk ca10@sanger.ac.uk ca10@sanger.ac.uk cj9@sanger.ac.uk cj9@sanger.ac.uk ekh@sanger.ac.uk ekh@sanger.ac.uk hb6@sanger.ac.uk hb6@sanger.ac.uk ncb@sanger.ac.uk ncb@sanger.ac.uk ncb@sanger.ac.uk ncb@sanger.ac.uk sg19@sanger.ac.uk sg19@sanger.ac.uk,mjs@sanger.ac.uk mjs@sanger.ac.uk ncb@sanger.ac.uk ncb@sanger.ac.uk ncb@sanger.ac.uk ncb@sanger.ac.uk,mjs@sanger.ac.uk mjs@sanger.ac.uk,,0,0,64074535,0,64063105,,1518534,S4061,,,standard,,,from:450 to:450,,,Anopheles coluzzii,0,,,3429STDY12832984,8215663,0,3429STDY12832984,,Anopheles_gambiae (PEST),MOZZ1051A_B12_KCl_M,888,,1,1,0,R%26D testing,3429,Team 112 R%26D,Plasmodium_falciparum (3D7_Oct11v3),0,Team 112 R%26D,14,
2,64063117,3429STDY12832985,,ACTTCCNNNNNNN,NNNNNNNNNNNNN,,Haplotagging,ACTTCCNNNNNNN,NNNNNNNNNNNNN,at10@sanger.ac.uk ca10@sanger.ac.uk cj9@sanger.ac.uk ekh@sanger.ac.uk hb6@sanger.ac.uk mjs@sanger.ac.uk ncb@sanger.ac.uk sg19@sanger.ac.uk,at10@sanger.ac.uk at10@sanger.ac.uk ca10@sanger.ac.uk ca10@sanger.ac.uk cj9@sanger.ac.uk cj9@sanger.ac.uk ekh@sanger.ac.uk ekh@sanger.ac.uk hb6@sanger.ac.uk hb6@sanger.ac.uk ncb@sanger.ac.uk ncb@sanger.ac.uk ncb@sanger.ac.uk ncb@sanger.ac.uk sg19@sanger.ac.uk sg19@sanger.ac.uk,mjs@sanger.ac.uk mjs@sanger.ac.uk ncb@sanger.ac.uk ncb@sanger.ac.uk ncb@sanger.ac.uk ncb@sanger.ac.uk,mjs@sanger.ac.uk mjs@sanger.ac.uk,,0,0,64074535,0,64063117,,1518534,S4061,,,standard,,,from:450 to:450,,,Anopheles coluzzii,0,,,3429STDY12832985,8215664,0,3429STDY12832985,,Anopheles_gambiae (PEST),MOZZ1051A_C12_KCl_M,888,,1,1,0,R%26D testing,3429,Team 112 R%26D,Plasmodium_falciparum (3D7_Oct11v3),0,Team 112 R%26D,15,
2,64063129,3429STDY12832986,,TACTCGNNNNNNN,NNNNNNNNNNNNN,,Haplotagging,TACTCGNNNNNNN,NNNNNNNNNNNNN,at10@sanger.ac.uk ca10@sanger.ac.uk cj9@sanger.ac.uk ekh@sanger.ac.uk hb6@sanger.ac.uk mjs@sanger.ac.uk ncb@sanger.ac.uk sg19@sanger.ac.uk,at10@sanger.ac.uk at10@sanger.ac.uk ca10@sanger.ac.uk ca10@sanger.ac.uk cj9@sanger.ac.uk cj9@sanger.ac.uk ekh@sanger.ac.uk ekh@sanger.ac.uk hb6@sanger.ac.uk hb6@sanger.ac.uk ncb@sanger.ac.uk ncb@sanger.ac.uk ncb@sanger.ac.uk ncb@sanger.ac.uk sg19@sanger.ac.uk sg19@sanger.ac.uk,mjs@sanger.ac.uk mjs@sanger.ac.uk ncb@sanger.ac.uk ncb@sanger.ac.uk ncb@sanger.ac.uk ncb@sanger.ac.uk,mjs@sanger.ac.uk mjs@sanger.ac.uk,,0,0,64074535,0,64063129,,1518534,S4061,,,standard,,,from:450 to:450,,,Anopheles coluzzii,0,,,3429STDY12832986,8215665,0,3429STDY12832986,,Anopheles_gambiae (PEST),MOZZ1051A_E11_KCl_F,888,,1,1,0,R%26D testing,3429,Team 112 R%26D,Plasmodium_falciparum (3D7_Oct11v3),0,Team 112 R%26D,16,
2,64063046,3429STDY12832987,,ATGTCGNNNNNNN,NNNNNNNNNNNNN,,Haplotagging,ATGTCGNNNNNNN,NNNNNNNNNNNNN,at10@sanger.ac.uk ca10@sanger.ac.uk cj9@sanger.ac.uk ekh@sanger.ac.uk hb6@sanger.ac.uk mjs@sanger.ac.uk ncb@sanger.ac.uk sg19@sanger.ac.uk,at10@sanger.ac.uk at10@sanger.ac.uk ca10@sanger.ac.uk ca10@sanger.ac.uk cj9@sanger.ac.uk cj9@sanger.ac.uk ekh@sanger.ac.uk ekh@sanger.ac.uk hb6@sanger.ac.uk hb6@sanger.ac.uk ncb@sanger.ac.uk ncb@sanger.ac.uk ncb@sanger.ac.uk ncb@sanger.ac.uk sg19@sanger.ac.uk sg19@sanger.ac.uk,mjs@sanger.ac.uk mjs@sanger.ac.uk ncb@sanger.ac.uk ncb@sanger.ac.uk ncb@sanger.ac.uk ncb@sanger.ac.uk,mjs@sanger.ac.uk mjs@sanger.ac.uk,,0,0,64074535,0,64063046,,1518534,S4061,,,standard,,,from:450 to:450,,,Anopheles coluzzii,0,,,3429STDY12832987,8215666,0,3429STDY12832987,,Anopheles_gambiae (PEST),MOZZ1051A_E12_KCl_F,888,,1,1,0,R%26D testing,3429,Team 112 R%26D,Plasmodium_falciparum (3D7_Oct11v3),0,Team 112 R%26D,17,
2,64063058,3429STDY12832988,,CAGTCANNNNNNN,NNNNNNNNNNNNN,,Haplotagging,CAGTCANNNNNNN,NNNNNNNNNNNNN,at10@sanger.ac.uk ca10@sanger.ac.uk cj9@sanger.ac.uk ekh@sanger.ac.uk hb6@sanger.ac.uk mjs@sanger.ac.uk ncb@sanger.ac.uk sg19@sanger.ac.uk,at10@sanger.ac.uk at10@sanger.ac.uk ca10@sanger.ac.uk ca10@sanger.ac.uk cj9@sanger.ac.uk cj9@sanger.ac.uk ekh@sanger.ac.uk ekh@sanger.ac.uk hb6@sanger.ac.uk hb6@sanger.ac.uk ncb@sanger.ac.uk ncb@sanger.ac.uk ncb@sanger.ac.uk ncb@sanger.ac.uk sg19@sanger.ac.uk sg19@sanger.ac.uk,mjs@sanger.ac.uk mjs@sanger.ac.uk ncb@sanger.ac.uk ncb@sanger.ac.uk ncb@sanger.ac.uk ncb@sanger.ac.uk,mjs@sanger.ac.uk mjs@sanger.ac.uk,,0,0,64074535,0,64063058,,1518534,S4061,,,standard,,,from:450 to:450,,,Anopheles coluzzii,0,,,3429STDY12832988,8215667,0,3429STDY12832988,,Anopheles_gambiae (PEST),MOZZ1051A_F12_KCl_F,888,,1,1,0,R%26D testing,3429,Team 112 R%26D,Plasmodium_falciparum (3D7_Oct11v3),0,Team 112 R%26D,18,
2,64063070,3429STDY12832989,,TGCTGTNNNNNNN,NNNNNNNNNNNNN,,Haplotagging,TGCTGTNNNNNNN,NNNNNNNNNNNNN,at10@sanger.ac.uk ca10@sanger.ac.uk cj9@sanger.ac.uk ekh@sanger.ac.uk hb6@sanger.ac.uk mjs@sanger.ac.uk ncb@sanger.ac.uk sg19@sanger.ac.uk,at10@sanger.ac.uk at10@sanger.ac.uk ca10@sanger.ac.uk ca10@sanger.ac.uk cj9@sanger.ac.uk cj9@sanger.ac.uk ekh@sanger.ac.uk ekh@sanger.ac.uk hb6@sanger.ac.uk hb6@sanger.ac.uk ncb@sanger.ac.uk ncb@sanger.ac.uk ncb@sanger.ac.uk ncb@sanger.ac.uk sg19@sanger.ac.uk sg19@sanger.ac.uk,mjs@sanger.ac.uk mjs@sanger.ac.uk ncb@sanger.ac.uk ncb@sanger.ac.uk ncb@sanger.ac.uk ncb@sanger.ac.uk,mjs@sanger.ac.uk mjs@sanger.ac.uk,,0,0,64074535,0,64063070,,1518534,S4061,,,standard,,,from:450 to:450,,,Anopheles coluzzii,0,,,3429STDY12832989,8215668,0,3429STDY12832989,,Anopheles_gambiae (PEST),MOZZ1051A_C5_C_M,888,,1,1,0,R%26D testing,3429,Team 112 R%26D,Plasmodium_falciparum (3D7_Oct11v3),0,Team 112 R%26D,19,
2,64063082,3429STDY12832990,,CCATGTNNNNNNN,NNNNNNNNNNNNN,,Haplotagging,CCATGTNNNNNNN,NNNNNNNNNNNNN,at10@sanger.ac.uk ca10@sanger.ac.uk cj9@sanger.ac.uk ekh@sanger.ac.uk hb6@sanger.ac.uk mjs@sanger.ac.uk ncb@sanger.ac.uk sg19@sanger.ac.uk,at10@sanger.ac.uk at10@sanger.ac.uk ca10@sanger.ac.uk ca10@sanger.ac.uk cj9@sanger.ac.uk cj9@sanger.ac.uk ekh@sanger.ac.uk ekh@sanger.ac.uk hb6@sanger.ac.uk hb6@sanger.ac.uk ncb@sanger.ac.uk ncb@sanger.ac.uk ncb@sanger.ac.uk ncb@sanger.ac.uk sg19@sanger.ac.uk sg19@sanger.ac.uk,mjs@sanger.ac.uk mjs@sanger.ac.uk ncb@sanger.ac.uk ncb@sanger.ac.uk ncb@sanger.ac.uk ncb@sanger.ac.uk,mjs@sanger.ac.uk mjs@sanger.ac.uk,,0,0,64074535,0,64063082,,1518534,S4061,,,standard,,,from:450 to:450,,,Anopheles coluzzii,0,,,3429STDY12832990,8215669,0,3429STDY12832990,,Anopheles_gambiae (PEST),MOZZ1051A_C6_C_M,888,,1,1,0,R%26D testing,3429,Team 112 R%26D,Plasmodium_falciparum (3D7_Oct11v3),0,Team 112 R%26D,20,
2,64063094,3429STDY12832991,,GTGTGTNNNNNNN,NNNNNNNNNNNNN,,Haplotagging,GTGTGTNNNNNNN,NNNNNNNNNNNNN,at10@sanger.ac.uk ca10@sanger.ac.uk cj9@sanger.ac.uk ekh@sanger.ac.uk hb6@sanger.ac.uk mjs@sanger.ac.uk ncb@sanger.ac.uk sg19@sanger.ac.uk,at10@sanger.ac.uk at10@sanger.ac.uk ca10@sanger.ac.uk ca10@sanger.ac.uk cj9@sanger.ac.uk cj9@sanger.ac.uk ekh@sanger.ac.uk ekh@sanger.ac.uk hb6@sanger.ac.uk hb6@sanger.ac.uk ncb@sanger.ac.uk ncb@sanger.ac.uk ncb@sanger.ac.uk ncb@sanger.ac.uk sg19@sanger.ac.uk sg19@sanger.ac.uk,mjs@sanger.ac.uk mjs@sanger.ac.uk ncb@sanger.ac.uk ncb@sanger.ac.uk ncb@sanger.ac.uk ncb@sanger.ac.uk,mjs@sanger.ac.uk mjs@sanger.ac.uk,,0,0,64074535,0,64063094,,1518534,S4061,,,standard,,,from:450 to:450,,,Anopheles coluzzii,0,,,3429STDY12832991,8215670,0,3429STDY12832991,,Anopheles_gambiae (PEST),MOZZ1051A_D6_C_M,888,,1,1,0,R%26D testing,3429,Team 112 R%26D,Plasmodium_falciparum (3D7_Oct11v3),0,Team 112 R%26D,21,
2,64063106,3429STDY12832992,,TAGTGCNNNNNNN,NNNNNNNNNNNNN,,Haplotagging,TAGTGCNNNNNNN,NNNNNNNNNNNNN,at10@sanger.ac.uk ca10@sanger.ac.uk cj9@sanger.ac.uk ekh@sanger.ac.uk hb6@sanger.ac.uk mjs@sanger.ac.uk ncb@sanger.ac.uk sg19@sanger.ac.uk,at10@sanger.ac.uk at10@sanger.ac.uk ca10@sanger.ac.uk ca10@sanger.ac.uk cj9@sanger.ac.uk cj9@sanger.ac.uk ekh@sanger.ac.uk ekh@sanger.ac.uk hb6@sanger.ac.uk hb6@sanger.ac.uk ncb@sanger.ac.uk ncb@sanger.ac.uk ncb@sanger.ac.uk ncb@sanger.ac.uk sg19@sanger.ac.uk sg19@sanger.ac.uk,mjs@sanger.ac.uk mjs@sanger.ac.uk ncb@sanger.ac.uk ncb@sanger.ac.uk ncb@sanger.ac.uk ncb@sanger.ac.uk,mjs@sanger.ac.uk mjs@sanger.ac.uk,,0,0,64074535,0,64063106,,1518534,S4061,,,standard,,,from:450 to:450,,,Anopheles coluzzii,0,,,3429STDY12832992,8215671,0,3429STDY12832992,,Anopheles_gambiae (PEST),MOZZ1051A_E5_C_F,888,,1,1,0,R%26D testing,3429,Team 112 R%26D,Plasmodium_falciparum (3D7_Oct11v3),0,Team 112 R%26D,22,
2,64063118,3429STDY12832993,,ATCTGCNNNNNNN,NNNNNNNNNNNNN,,Haplotagging,ATCTGCNNNNNNN,NNNNNNNNNNNNN,at10@sanger.ac.uk ca10@sanger.ac.uk cj9@sanger.ac.uk ekh@sanger.ac.uk hb6@sanger.ac.uk mjs@sanger.ac.uk ncb@sanger.ac.uk sg19@sanger.ac.uk,at10@sanger.ac.uk at10@sanger.ac.uk ca10@sanger.ac.uk ca10@sanger.ac.uk cj9@sanger.ac.uk cj9@sanger.ac.uk ekh@sanger.ac.uk ekh@sanger.ac.uk hb6@sanger.ac.uk hb6@sanger.ac.uk ncb@sanger.ac.uk ncb@sanger.ac.uk ncb@sanger.ac.uk ncb@sanger.ac.uk sg19@sanger.ac.uk sg19@sanger.ac.uk,mjs@sanger.ac.uk mjs@sanger.ac.uk ncb@sanger.ac.uk ncb@sanger.ac.uk ncb@sanger.ac.uk ncb@sanger.ac.uk,mjs@sanger.ac.uk mjs@sanger.ac.uk,,0,0,64074535,0,64063118,,1518534,S4061,,,standard,,,from:450 to:450,,,Anopheles coluzzii,0,,,3429STDY12832993,8215672,0,3429STDY12832993,,Anopheles_gambiae (PEST),MOZZ1051A_H6_C_F,888,,1,1,0,R%26D testing,3429,Team 112 R%26D,Plasmodium_falciparum (3D7_Oct11v3),0,Team 112 R%26D,23,
2,64063130,3429STDY12832994,,AGTTGGNNNNNNN,NNNNNNNNNNNNN,,Haplotagging,AGTTGGNNNNNNN,NNNNNNNNNNNNN,at10@sanger.ac.uk ca10@sanger.ac.uk cj9@sanger.ac.uk ekh@sanger.ac.uk hb6@sanger.ac.uk mjs@sanger.ac.uk ncb@sanger.ac.uk sg19@sanger.ac.uk,at10@sanger.ac.uk at10@sanger.ac.uk ca10@sanger.ac.uk ca10@sanger.ac.uk cj9@sanger.ac.uk cj9@sanger.ac.uk ekh@sanger.ac.uk ekh@sanger.ac.uk hb6@sanger.ac.uk hb6@sanger.ac.uk ncb@sanger.ac.uk ncb@sanger.ac.uk ncb@sanger.ac.uk ncb@sanger.ac.uk sg19@sanger.ac.uk sg19@sanger.ac.uk,mjs@sanger.ac.uk mjs@sanger.ac.uk ncb@sanger.ac.uk ncb@sanger.ac.uk ncb@sanger.ac.uk ncb@sanger.ac.uk,mjs@sanger.ac.uk mjs@sanger.ac.uk,,0,0,64074535,0,64063130,,1518534,S4061,,,standard,,,from:450 to:450,,,Anopheles coluzzii,0,,,3429STDY12832994,8215673,0,3429STDY12832994,,Anopheles_gambiae (PEST),MOZZ1051A_F6_C_F,888,,1,1,0,R%26D testing,3429,Team 112 R%26D,Plasmodium_falciparum (3D7_Oct11v3),0,Team 112 R%26D,24,
2,64063047,3429STDY12832995,,GACTGANNNNNNN,NNNNNNNNNNNNN,,Haplotagging,GACTGANNNNNNN,NNNNNNNNNNNNN,at10@sanger.ac.uk ca10@sanger.ac.uk cj9@sanger.ac.uk ekh@sanger.ac.uk hb6@sanger.ac.uk mjs@sanger.ac.uk ncb@sanger.ac.uk sg19@sanger.ac.uk,at10@sanger.ac.uk at10@sanger.ac.uk ca10@sanger.ac.uk ca10@sanger.ac.uk cj9@sanger.ac.uk cj9@sanger.ac.uk ekh@sanger.ac.uk ekh@sanger.ac.uk hb6@sanger.ac.uk hb6@sanger.ac.uk ncb@sanger.ac.uk ncb@sanger.ac.uk ncb@sanger.ac.uk ncb@sanger.ac.uk sg19@sanger.ac.uk sg19@sanger.ac.uk,mjs@sanger.ac.uk mjs@sanger.ac.uk ncb@sanger.ac.uk ncb@sanger.ac.uk ncb@sanger.ac.uk ncb@sanger.ac.uk,mjs@sanger.ac.uk mjs@sanger.ac.uk,,0,0,64074535,0,64063047,,286459,S4061,,,standard,,,from:450 to:450,,,Episyrphus balteatus,0,,,3429STDY12832995,8215674,0,3429STDY12832995,,Drosophila_melanogaster (Release_5),BSN_045_A_C10,888,,1,1,0,R%26D testing,3429,Team 112 R%26D,Plasmodium_falciparum (3D7_Oct11v3),0,Team 112 R%26D,25,
2,64063059,3429STDY12832996,,CGGTATNNNNNNN,NNNNNNNNNNNNN,,Haplotagging,CGGTATNNNNNNN,NNNNNNNNNNNNN,at10@sanger.ac.uk ca10@sanger.ac.uk cj9@sanger.ac.uk ekh@sanger.ac.uk hb6@sanger.ac.uk mjs@sanger.ac.uk ncb@sanger.ac.uk sg19@sanger.ac.uk,at10@sanger.ac.uk at10@sanger.ac.uk ca10@sanger.ac.uk ca10@sanger.ac.uk cj9@sanger.ac.uk cj9@sanger.ac.uk ekh@sanger.ac.uk ekh@sanger.ac.uk hb6@sanger.ac.uk hb6@sanger.ac.uk ncb@sanger.ac.uk ncb@sanger.ac.uk ncb@sanger.ac.uk ncb@sanger.ac.uk sg19@sanger.ac.uk sg19@sanger.ac.uk,mjs@sanger.ac.uk mjs@sanger.ac.uk ncb@sanger.ac.uk ncb@sanger.ac.uk ncb@sanger.ac.uk ncb@sanger.ac.uk,mjs@sanger.ac.uk mjs@sanger.ac.uk,,0,0,64074535,0,64063059,,286459,S4061,,,standard,,,from:450 to:450,,,Episyrphus balteatus,0,,,3429STDY12832996,8215675,0,3429STDY12832996,,Drosophila_melanogaster (Release_5),BSN_049_A_C10,888,,1,1,0,R%26D testing,3429,Team 112 R%26D,Plasmodium_falciparum (3D7_Oct11v3),0,Team 112 R%26D,26,
2,64063071,3429STDY12832997,,GCCTATNNNNNNN,NNNNNNNNNNNNN,,Haplotagging,GCCTATNNNNNNN,NNNNNNNNNNNNN,at10@sanger.ac.uk ca10@sanger.ac.uk cj9@sanger.ac.uk ekh@sanger.ac.uk hb6@sanger.ac.uk mjs@sanger.ac.uk ncb@sanger.ac.uk sg19@sanger.ac.uk,at10@sanger.ac.uk at10@sanger.ac.uk ca10@sanger.ac.uk ca10@sanger.ac.uk cj9@sanger.ac.uk cj9@sanger.ac.uk ekh@sanger.ac.uk ekh@sanger.ac.uk hb6@sanger.ac.uk hb6@sanger.ac.uk ncb@sanger.ac.uk ncb@sanger.ac.uk ncb@sanger.ac.uk ncb@sanger.ac.uk sg19@sanger.ac.uk sg19@sanger.ac.uk,mjs@sanger.ac.uk mjs@sanger.ac.uk ncb@sanger.ac.uk ncb@sanger.ac.uk ncb@sanger.ac.uk ncb@sanger.ac.uk,mjs@sanger.ac.uk mjs@sanger.ac.uk,,0,0,64074535,0,64063071,,62324,S4061,,,standard,,,from:450 to:450,,,Anopheles funestus,0,,,3429STDY12832997,8215676,0,3429STDY12832997,,Anopheles_funestus (FUMOZ_AfunF1),GDNA00000566A-G5,888,,1,1,0,R%26D testing,3429,Team 112 R%26D,Plasmodium_falciparum (3D7_Oct11v3),0,Team 112 R%26D,27,
2,64063083,3429STDY12832998,,CACTACNNNNNNN,NNNNNNNNNNNNN,,Haplotagging,CACTACNNNNNNN,NNNNNNNNNNNNN,at10@sanger.ac.uk ca10@sanger.ac.uk cj9@sanger.ac.uk ekh@sanger.ac.uk hb6@sanger.ac.uk mjs@sanger.ac.uk ncb@sanger.ac.uk sg19@sanger.ac.uk,at10@sanger.ac.uk at10@sanger.ac.uk ca10@sanger.ac.uk ca10@sanger.ac.uk cj9@sanger.ac.uk cj9@sanger.ac.uk ekh@sanger.ac.uk ekh@sanger.ac.uk hb6@sanger.ac.uk hb6@sanger.ac.uk ncb@sanger.ac.uk ncb@sanger.ac.uk ncb@sanger.ac.uk ncb@sanger.ac.uk sg19@sanger.ac.uk sg19@sanger.ac.uk,mjs@sanger.ac.uk mjs@sanger.ac.uk ncb@sanger.ac.uk ncb@sanger.ac.uk ncb@sanger.ac.uk ncb@sanger.ac.uk,mjs@sanger.ac.uk mjs@sanger.ac.uk,,0,0,64074535,0,64063083,,62324,S4061,,,standard,,,from:450 to:450,,,Anopheles funestus,0,,,3429STDY12832998,8215677,0,3429STDY12832998,,Anopheles_funestus (FUMOZ_AfunF1),GDNA00000566A-G9,888,,1,1,0,R%26D testing,3429,Team 112 R%26D,Plasmodium_falciparum (3D7_Oct11v3),0,Team 112 R%26D,28,
2,64063095,3429STDY12832999,,GAGTAGNNNNNNN,NNNNNNNNNNNNN,,Haplotagging,GAGTAGNNNNNNN,NNNNNNNNNNNNN,at10@sanger.ac.uk ca10@sanger.ac.uk cj9@sanger.ac.uk ekh@sanger.ac.uk hb6@sanger.ac.uk mjs@sanger.ac.uk ncb@sanger.ac.uk sg19@sanger.ac.uk,at10@sanger.ac.uk at10@sanger.ac.uk ca10@sanger.ac.uk ca10@sanger.ac.uk cj9@sanger.ac.uk cj9@sanger.ac.uk ekh@sanger.ac.uk ekh@sanger.ac.uk hb6@sanger.ac.uk hb6@sanger.ac.uk ncb@sanger.ac.uk ncb@sanger.ac.uk ncb@sanger.ac.uk ncb@sanger.ac.uk sg19@sanger.ac.uk sg19@sanger.ac.uk,mjs@sanger.ac.uk mjs@sanger.ac.uk ncb@sanger.ac.uk ncb@sanger.ac.uk ncb@sanger.ac.uk ncb@sanger.ac.uk,mjs@sanger.ac.uk mjs@sanger.ac.uk,,0,0,64074535,0,64063095,,62324,S4061,,,standard,,,from:450 to:450,,,Anopheles funestus,0,,,3429STDY12832999,8215678,0,3429STDY12832999,,Anopheles_funestus (FUMOZ_AfunF1),GDNA00000567A-A4,888,,1,1,0,R%26D testing,3429,Team 112 R%26D,Plasmodium_falciparum (3D7_Oct11v3),0,Team 112 R%26D,29,
2,64063107,3429STDY12833000,,CGTCTTNNNNNNN,NNNNNNNNNNNNN,,Haplotagging,CGTCTTNNNNNNN,NNNNNNNNNNNNN,at10@sanger.ac.uk ca10@sanger.ac.uk cj9@sanger.ac.uk ekh@sanger.ac.uk hb6@sanger.ac.uk mjs@sanger.ac.uk ncb@sanger.ac.uk sg19@sanger.ac.uk,at10@sanger.ac.uk at10@sanger.ac.uk ca10@sanger.ac.uk ca10@sanger.ac.uk cj9@sanger.ac.uk cj9@sanger.ac.uk ekh@sanger.ac.uk ekh@sanger.ac.uk hb6@sanger.ac.uk hb6@sanger.ac.uk ncb@sanger.ac.uk ncb@sanger.ac.uk ncb@sanger.ac.uk ncb@sanger.ac.uk sg19@sanger.ac.uk sg19@sanger.ac.uk,mjs@sanger.ac.uk mjs@sanger.ac.uk ncb@sanger.ac.uk ncb@sanger.ac.uk ncb@sanger.ac.uk ncb@sanger.ac.uk,mjs@sanger.ac.uk mjs@sanger.ac.uk,,0,0,64074535,0,64063107,,62324,S4061,,,standard,,,from:450 to:450,,,Anopheles funestus,0,,,3429STDY12833000,8215679,0,3429STDY12833000,,Anopheles_funestus (FUMOZ_AfunF1),GDNA00000567A-A11,888,,1,1,0,R%26D testing,3429,Team 112 R%26D,Plasmodium_falciparum (3D7_Oct11v3),0,Team 112 R%26D,30,
2,64063119,3429STDY12833001,,GCACTTNNNNNNN,NNNNNNNNNNNNN,,Haplotagging,GCACTTNNNNNNN,NNNNNNNNNNNNN,at10@sanger.ac.uk ca10@sanger.ac.uk cj9@sanger.ac.uk ekh@sanger.ac.uk hb6@sanger.ac.uk mjs@sanger.ac.uk ncb@sanger.ac.uk sg19@sanger.ac.uk,at10@sanger.ac.uk at10@sanger.ac.uk ca10@sanger.ac.uk ca10@sanger.ac.uk cj9@sanger.ac.uk cj9@sanger.ac.uk ekh@sanger.ac.uk ekh@sanger.ac.uk hb6@sanger.ac.uk hb6@sanger.ac.uk ncb@sanger.ac.uk ncb@sanger.ac.uk ncb@sanger.ac.uk ncb@sanger.ac.uk sg19@sanger.ac.uk sg19@sanger.ac.uk,mjs@sanger.ac.uk mjs@sanger.ac.uk ncb@sanger.ac.uk ncb@sanger.ac.uk ncb@sanger.ac.uk ncb@sanger.ac.uk,mjs@sanger.ac.uk mjs@sanger.ac.uk,,0,0,64074535,0,64063119,,62324,S4061,,,standard,,,from:450 to:450,,,Anopheles funestus,0,,,3429STDY12833001,8260476,0,3429STDY12833001,,Anopheles_funestus (FUMOZ_AfunF1),FD18582514,888,,1,1,0,R%26D testing,3429,Team 112 R%26D,Plasmodium_falciparum (3D7_Oct11v3),0,Team 112 R%26D,31,
2,64063131,3429STDY12833002,,TGACTCNNNNNNN,NNNNNNNNNNNNN,,Haplotagging,TGACTCNNNNNNN,NNNNNNNNNNNNN,at10@sanger.ac.uk ca10@sanger.ac.uk cj9@sanger.ac.uk ekh@sanger.ac.uk hb6@sanger.ac.uk mjs@sanger.ac.uk ncb@sanger.ac.uk sg19@sanger.ac.uk,at10@sanger.ac.uk at10@sanger.ac.uk ca10@sanger.ac.uk ca10@sanger.ac.uk cj9@sanger.ac.uk cj9@sanger.ac.uk ekh@sanger.ac.uk ekh@sanger.ac.uk hb6@sanger.ac.uk hb6@sanger.ac.uk ncb@sanger.ac.uk ncb@sanger.ac.uk ncb@sanger.ac.uk ncb@sanger.ac.uk sg19@sanger.ac.uk sg19@sanger.ac.uk,mjs@sanger.ac.uk mjs@sanger.ac.uk ncb@sanger.ac.uk ncb@sanger.ac.uk ncb@sanger.ac.uk ncb@sanger.ac.uk,mjs@sanger.ac.uk mjs@sanger.ac.uk,,0,0,64074535,0,64063131,,7165,S4061,,,standard,,,from:450 to:450,,,Anopheles gambiae,0,,,3429STDY12833002,8260477,0,3429STDY12833002,,Anopheles_gambiae (PEST),FD18582516,888,,1,1,0,R%26D testing,3429,Team 112 R%26D,Plasmodium_falciparum (3D7_Oct11v3),0,Team 112 R%26D,32,
2,64063048,3429STDY12833003,,AACCTCNNNNNNN,NNNNNNNNNNNNN,,Haplotagging,AACCTCNNNNNNN,NNNNNNNNNNNNN,at10@sanger.ac.uk ca10@sanger.ac.uk cj9@sanger.ac.uk ekh@sanger.ac.uk hb6@sanger.ac.uk mjs@sanger.ac.uk ncb@sanger.ac.uk sg19@sanger.ac.uk,at10@sanger.ac.uk at10@sanger.ac.uk ca10@sanger.ac.uk ca10@sanger.ac.uk cj9@sanger.ac.uk cj9@sanger.ac.uk ekh@sanger.ac.uk ekh@sanger.ac.uk hb6@sanger.ac.uk hb6@sanger.ac.uk ncb@sanger.ac.uk ncb@sanger.ac.uk ncb@sanger.ac.uk ncb@sanger.ac.uk sg19@sanger.ac.uk sg19@sanger.ac.uk,mjs@sanger.ac.uk mjs@sanger.ac.uk ncb@sanger.ac.uk ncb@sanger.ac.uk ncb@sanger.ac.uk ncb@sanger.ac.uk,mjs@sanger.ac.uk mjs@sanger.ac.uk,,0,0,64074535,0,64063048,,62324,S4061,,,standard,,,from:450 to:450,,,Anopheles funestus,0,,,3429STDY12833003,8260478,0,3429STDY12833003,,Anopheles_funestus (FUMOZ_AfunF1),FD18582546,888,,1,1,0,R%26D testing,3429,Team 112 R%26D,Plasmodium_falciparum (3D7_Oct11v3),0,Team 112 R%26D,33,
2,64063060,3429STDY12833004,,CTACTGNNNNNNN,NNNNNNNNNNNNN,,Haplotagging,CTACTGNNNNNNN,NNNNNNNNNNNNN,at10@sanger.ac.uk ca10@sanger.ac.uk cj9@sanger.ac.uk ekh@sanger.ac.uk hb6@sanger.ac.uk mjs@sanger.ac.uk ncb@sanger.ac.uk sg19@sanger.ac.uk,at10@sanger.ac.uk at10@sanger.ac.uk ca10@sanger.ac.uk ca10@sanger.ac.uk cj9@sanger.ac.uk cj9@sanger.ac.uk ekh@sanger.ac.uk ekh@sanger.ac.uk hb6@sanger.ac.uk hb6@sanger.ac.uk ncb@sanger.ac.uk ncb@sanger.ac.uk ncb@sanger.ac.uk ncb@sanger.ac.uk sg19@sanger.ac.uk sg19@sanger.ac.uk,mjs@sanger.ac.uk mjs@sanger.ac.uk ncb@sanger.ac.uk ncb@sanger.ac.uk ncb@sanger.ac.uk ncb@sanger.ac.uk,mjs@sanger.ac.uk mjs@sanger.ac.uk,,0,0,64074535,0,64063060,,7165,S4061,,,standard,,,from:450 to:450,,,Anopheles gambiae,0,,,3429STDY12833004,8260479,0,3429STDY12833004,,Anopheles_gambiae (PEST),FF00807850,888,,1,1,0,R%26D testing,3429,Team 112 R%26D,Plasmodium_falciparum (3D7_Oct11v3),0,Team 112 R%26D,34,
2,64063072,3429STDY12833005,,GATCTGNNNNNNN,NNNNNNNNNNNNN,,Haplotagging,GATCTGNNNNNNN,NNNNNNNNNNNNN,at10@sanger.ac.uk ca10@sanger.ac.uk cj9@sanger.ac.uk ekh@sanger.ac.uk hb6@sanger.ac.uk mjs@sanger.ac.uk ncb@sanger.ac.uk sg19@sanger.ac.uk,at10@sanger.ac.uk at10@sanger.ac.uk ca10@sanger.ac.uk ca10@sanger.ac.uk cj9@sanger.ac.uk cj9@sanger.ac.uk ekh@sanger.ac.uk ekh@sanger.ac.uk hb6@sanger.ac.uk hb6@sanger.ac.uk ncb@sanger.ac.uk ncb@sanger.ac.uk ncb@sanger.ac.uk ncb@sanger.ac.uk sg19@sanger.ac.uk sg19@sanger.ac.uk,mjs@sanger.ac.uk mjs@sanger.ac.uk ncb@sanger.ac.uk ncb@sanger.ac.uk ncb@sanger.ac.uk ncb@sanger.ac.uk,mjs@sanger.ac.uk mjs@sanger.ac.uk,,0,0,64074535,0,64063072,,1518534,S4061,,,standard,,,from:450 to:450,,,Anopheles coluzzii,0,,,3429STDY12833005,8260480,0,3429STDY12833005,,Anopheles_gambiae (PEST),HMW-male-3,888,,1,1,0,R%26D testing,3429,Team 112 R%26D,Plasmodium_falciparum (3D7_Oct11v3),0,Team 112 R%26D,35,
2,64063084,3429STDY12833006,,AGGCTANNNNNNN,NNNNNNNNNNNNN,,Haplotagging,AGGCTANNNNNNN,NNNNNNNNNNNNN,at10@sanger.ac.uk ca10@sanger.ac.uk cj9@sanger.ac.uk ekh@sanger.ac.uk hb6@sanger.ac.uk mjs@sanger.ac.uk ncb@sanger.ac.uk sg19@sanger.ac.uk,at10@sanger.ac.uk at10@sanger.ac.uk ca10@sanger.ac.uk ca10@sanger.ac.uk cj9@sanger.ac.uk cj9@sanger.ac.uk ekh@sanger.ac.uk ekh@sanger.ac.uk hb6@sanger.ac.uk hb6@sanger.ac.uk ncb@sanger.ac.uk ncb@sanger.ac.uk ncb@sanger.ac.uk ncb@sanger.ac.uk sg19@sanger.ac.uk sg19@sanger.ac.uk,mjs@sanger.ac.uk mjs@sanger.ac.uk ncb@sanger.ac.uk ncb@sanger.ac.uk ncb@sanger.ac.uk ncb@sanger.ac.uk,mjs@sanger.ac.uk mjs@sanger.ac.uk,,0,0,64074535,0,64063084,,1518534,S4061,,,standard,,,from:450 to:450,,,Anopheles coluzzii,0,,,3429STDY12833006,8260481,0,3429STDY12833006,,Anopheles_gambiae (PEST),HMW-female-3,888,,1,1,0,R%26D testing,3429,Team 112 R%26D,Plasmodium_falciparum (3D7_Oct11v3),0,Team 112 R%26D,36,
2,27409531,phiX_for_spiked_buffers,,TGTGCAGC,ACTGATGT,,,TGTGCAGC,ACTGATGT,,,,,,1,0,64074535,0,27409531,,10847,,,,standard,,,,,,,0,,,,1255141,,phiX_for_spiked_buffers,,PhiX (Sanger-SNPs),,888,,1,0,0,None,198,Illumina Controls, ,0,,888,
