[Data],,,,,,,,,,,,,,,,,,,,,,,,,,,,,,,,,,,,,,,,,,,,,,,,,,,
Lane,Sample_ID,Sample_Name,GenomeFolder,Index,Index2,bait_name,default_library_type,default_tag_sequence,default_tagtwo_sequence,email_addresses,email_addresses_of_followers,email_addresses_of_managers,email_addresses_of_owners,gbs_plex_name,is_control,is_pool,lane_id,lane_priority,library_name,organism,organism_taxon_id,project_cost_code,project_id,project_name,purpose,qc_state,request_id,required_insert_size_range,sample_accession_number,sample_cohort,sample_common_name,sample_consent_withdrawn,sample_description,sample_donor_id,sample_id,sample_name,sample_public_name,sample_reference_genome,sample_supplier_name,spiked_phix_tag_index,study_accession_number,study_alignments_in_bam,study_contains_nonconsented_human,study_contains_nonconsented_xahuman,study_description,study_id,study_name,study_reference_genome,study_separate_y_chromosome_data,study_title,tag_index,
1,22638837,CTTV0197621325,,AGAGTCGA,ATGGAACA,,RNA PolyA,AGAGTCGA,ATGGAACA,ncb@sanger.ac.uk slw@sanger.ac.uk,,ncb@sanger.ac.uk slw@sanger.ac.uk,,,0,0,23584439,0,22638837,,9606,S2263,,,standard,,,from:100 to:300,,,Homo sapiens,0,,CTTV0197621325,3840322,CTTV0197621325,,,175 AC_C8,888,EGAS00001001680,1,0,0,The purpose of this study is to establish whether intestinal organoid cultures from IBD patients are a good model of disease by studying various disease phenomena including%2C epithelial repair%2C wound healing%2C fibrotic changes%2C granulomas and inflammatory processes. Organoids will be used for target pertubation and validation studies. %0D%0AThis data is part of a pre-publication release. For information on the proper use of pre-publication data shared by the Wellcome Trust Sanger Institute (including details of any publication moratoria)%2C please see http%3A%2F%2Fwww.sanger.ac.uk%2Fdatasharing%2F,4042,CTTV019 RNAseq,Homo_sapiens (GRCh38_15 %2B ensembl_78_transcriptome),0,Transcriptomes of intestinal organoids,1,
1,22638849,CTTV0197621326,,TGATTTCC,ACTTCCGA,,RNA PolyA,TGATTTCC,ACTTCCGA,ncb@sanger.ac.uk slw@sanger.ac.uk,,ncb@sanger.ac.uk slw@sanger.ac.uk,,,0,0,23584439,0,22638849,,9606,S2263,,,standard,,,from:100 to:300,,,Homo sapiens,0,,CTTV0197621326,3840323,CTTV0197621326,,,175 AC_C9,888,EGAS00001001680,1,0,0,The purpose of this study is to establish whether intestinal organoid cultures from IBD patients are a good model of disease by studying various disease phenomena including%2C epithelial repair%2C wound healing%2C fibrotic changes%2C granulomas and inflammatory processes. Organoids will be used for target pertubation and validation studies. %0D%0AThis data is part of a pre-publication release. For information on the proper use of pre-publication data shared by the Wellcome Trust Sanger Institute (including details of any publication moratoria)%2C please see http%3A%2F%2Fwww.sanger.ac.uk%2Fdatasharing%2F,4042,CTTV019 RNAseq,Homo_sapiens (GRCh38_15 %2B ensembl_78_transcriptome),0,Transcriptomes of intestinal organoids,2,
1,22638861,CTTV0197621327,,CAAGACCA,TCGTTTCG,,RNA PolyA,CAAGACCA,TCGTTTCG,ncb@sanger.ac.uk slw@sanger.ac.uk,,ncb@sanger.ac.uk slw@sanger.ac.uk,,,0,0,23584439,0,22638861,,9606,S2263,,,standard,,,from:100 to:300,,,Homo sapiens,0,,CTTV0197621327,3840324,CTTV0197621327,,,175 AC_IL11_1,888,EGAS00001001680,1,0,0,The purpose of this study is to establish whether intestinal organoid cultures from IBD patients are a good model of disease by studying various disease phenomena including%2C epithelial repair%2C wound healing%2C fibrotic changes%2C granulomas and inflammatory processes. Organoids will be used for target pertubation and validation studies. %0D%0AThis data is part of a pre-publication release. For information on the proper use of pre-publication data shared by the Wellcome Trust Sanger Institute (including details of any publication moratoria)%2C please see http%3A%2F%2Fwww.sanger.ac.uk%2Fdatasharing%2F,4042,CTTV019 RNAseq,Homo_sapiens (GRCh38_15 %2B ensembl_78_transcriptome),0,Transcriptomes of intestinal organoids,3,
1,22638873,CTTV0197621328,,AAGCTCTT,TGGCATAA,,RNA PolyA,AAGCTCTT,TGGCATAA,ncb@sanger.ac.uk slw@sanger.ac.uk,,ncb@sanger.ac.uk slw@sanger.ac.uk,,,0,0,23584439,0,22638873,,9606,S2263,,,standard,,,from:100 to:300,,,Homo sapiens,0,,CTTV0197621328,3840325,CTTV0197621328,,,175 AC_IL22_2,888,EGAS00001001680,1,0,0,The purpose of this study is to establish whether intestinal organoid cultures from IBD patients are a good model of disease by studying various disease phenomena including%2C epithelial repair%2C wound healing%2C fibrotic changes%2C granulomas and inflammatory processes. Organoids will be used for target pertubation and validation studies. %0D%0AThis data is part of a pre-publication release. For information on the proper use of pre-publication data shared by the Wellcome Trust Sanger Institute (including details of any publication moratoria)%2C please see http%3A%2F%2Fwww.sanger.ac.uk%2Fdatasharing%2F,4042,CTTV019 RNAseq,Homo_sapiens (GRCh38_15 %2B ensembl_78_transcriptome),0,Transcriptomes of intestinal organoids,4,
1,22638885,CTTV0197621329,,TTTAAATG,ACGTTTAA,,RNA PolyA,TTTAAATG,ACGTTTAA,ncb@sanger.ac.uk slw@sanger.ac.uk,,ncb@sanger.ac.uk slw@sanger.ac.uk,,,0,0,23584439,0,22638885,,9606,S2263,,,standard,,,from:100 to:300,,,Homo sapiens,0,,CTTV0197621329,3840326,CTTV0197621329,,,175 AC_IL22_4,888,EGAS00001001680,1,0,0,The purpose of this study is to establish whether intestinal organoid cultures from IBD patients are a good model of disease by studying various disease phenomena including%2C epithelial repair%2C wound healing%2C fibrotic changes%2C granulomas and inflammatory processes. Organoids will be used for target pertubation and validation studies. %0D%0AThis data is part of a pre-publication release. For information on the proper use of pre-publication data shared by the Wellcome Trust Sanger Institute (including details of any publication moratoria)%2C please see http%3A%2F%2Fwww.sanger.ac.uk%2Fdatasharing%2F,4042,CTTV019 RNAseq,Homo_sapiens (GRCh38_15 %2B ensembl_78_transcriptome),0,Transcriptomes of intestinal organoids,5,
1,22638897,CTTV0197621330,,ACCTGCGG,ACGCCGCG,,RNA PolyA,ACCTGCGG,ACGCCGCG,ncb@sanger.ac.uk slw@sanger.ac.uk,,ncb@sanger.ac.uk slw@sanger.ac.uk,,,0,0,23584439,0,22638897,,9606,S2263,,,standard,,,from:100 to:300,,,Homo sapiens,0,,CTTV0197621330,3840327,CTTV0197621330,,,175 AC_IL22_5,888,EGAS00001001680,1,0,0,The purpose of this study is to establish whether intestinal organoid cultures from IBD patients are a good model of disease by studying various disease phenomena including%2C epithelial repair%2C wound healing%2C fibrotic changes%2C granulomas and inflammatory processes. Organoids will be used for target pertubation and validation studies. %0D%0AThis data is part of a pre-publication release. For information on the proper use of pre-publication data shared by the Wellcome Trust Sanger Institute (including details of any publication moratoria)%2C please see http%3A%2F%2Fwww.sanger.ac.uk%2Fdatasharing%2F,4042,CTTV019 RNAseq,Homo_sapiens (GRCh38_15 %2B ensembl_78_transcriptome),0,Transcriptomes of intestinal organoids,6,
1,22766063,phiX_for_spiked_buffers,,ACAACGCAATC,,,,ACAACGCAATC,,,,,,,1,0,23584439,0,22766063,,10847,,,,standard,,,,,,,0,,,1255141,phiX_for_spiked_buffers,,PhiX (Sanger-SNPs),,888,,1,0,0,None,198,Illumina Controls, ,0,,888,
2,22629903,CTTV0197621331,,TGGTTAGC,ATAGAGGC,,RNA PolyA,TGGTTAGC,ATAGAGGC,ncb@sanger.ac.uk slw@sanger.ac.uk,,ncb@sanger.ac.uk slw@sanger.ac.uk,,,0,0,23584440,0,22629903,,9606,S2263,,,standard,,,from:100 to:300,,,Homo sapiens,0,,CTTV0197621331,3840328,CTTV0197621331,,,175 AC_IL22_6,888,EGAS00001001680,1,0,0,The purpose of this study is to establish whether intestinal organoid cultures from IBD patients are a good model of disease by studying various disease phenomena including%2C epithelial repair%2C wound healing%2C fibrotic changes%2C granulomas and inflammatory processes. Organoids will be used for target pertubation and validation studies. %0D%0AThis data is part of a pre-publication release. For information on the proper use of pre-publication data shared by the Wellcome Trust Sanger Institute (including details of any publication moratoria)%2C please see http%3A%2F%2Fwww.sanger.ac.uk%2Fdatasharing%2F,4042,CTTV019 RNAseq,Homo_sapiens (GRCh38_15 %2B ensembl_78_transcriptome),0,Transcriptomes of intestinal organoids,1,
2,22629915,CTTV0197621332,,GAACTGGG,TTGCTGGT,,RNA PolyA,GAACTGGG,TTGCTGGT,ncb@sanger.ac.uk slw@sanger.ac.uk,,ncb@sanger.ac.uk slw@sanger.ac.uk,,,0,0,23584440,0,22629915,,9606,S2263,,,standard,,,from:100 to:300,,,Homo sapiens,0,,CTTV0197621332,3840329,CTTV0197621332,,,175 AC_IL22_7,888,EGAS00001001680,1,0,0,The purpose of this study is to establish whether intestinal organoid cultures from IBD patients are a good model of disease by studying various disease phenomena including%2C epithelial repair%2C wound healing%2C fibrotic changes%2C granulomas and inflammatory processes. Organoids will be used for target pertubation and validation studies. %0D%0AThis data is part of a pre-publication release. For information on the proper use of pre-publication data shared by the Wellcome Trust Sanger Institute (including details of any publication moratoria)%2C please see http%3A%2F%2Fwww.sanger.ac.uk%2Fdatasharing%2F,4042,CTTV019 RNAseq,Homo_sapiens (GRCh38_15 %2B ensembl_78_transcriptome),0,Transcriptomes of intestinal organoids,2,
2,22629927,CTTV0197621333,,CGTGACAC,TTATTGCG,,RNA PolyA,CGTGACAC,TTATTGCG,ncb@sanger.ac.uk slw@sanger.ac.uk,,ncb@sanger.ac.uk slw@sanger.ac.uk,,,0,0,23584440,0,22629927,,9606,S2263,,,standard,,,from:100 to:300,,,Homo sapiens,0,,CTTV0197621333,3840330,CTTV0197621333,,,175 AC_IL22_8,888,EGAS00001001680,1,0,0,The purpose of this study is to establish whether intestinal organoid cultures from IBD patients are a good model of disease by studying various disease phenomena including%2C epithelial repair%2C wound healing%2C fibrotic changes%2C granulomas and inflammatory processes. Organoids will be used for target pertubation and validation studies. %0D%0AThis data is part of a pre-publication release. For information on the proper use of pre-publication data shared by the Wellcome Trust Sanger Institute (including details of any publication moratoria)%2C please see http%3A%2F%2Fwww.sanger.ac.uk%2Fdatasharing%2F,4042,CTTV019 RNAseq,Homo_sapiens (GRCh38_15 %2B ensembl_78_transcriptome),0,Transcriptomes of intestinal organoids,3,
2,22629939,CTTV0197621334,,CATTTCGG,CAAATGAG,,RNA PolyA,CATTTCGG,CAAATGAG,ncb@sanger.ac.uk slw@sanger.ac.uk,,ncb@sanger.ac.uk slw@sanger.ac.uk,,,0,0,23584440,0,22629939,,9606,S2263,,,standard,,,from:100 to:300,,,Homo sapiens,0,,CTTV0197621334,3840331,CTTV0197621334,,,175 AC_IL22_9,888,EGAS00001001680,1,0,0,The purpose of this study is to establish whether intestinal organoid cultures from IBD patients are a good model of disease by studying various disease phenomena including%2C epithelial repair%2C wound healing%2C fibrotic changes%2C granulomas and inflammatory processes. Organoids will be used for target pertubation and validation studies. %0D%0AThis data is part of a pre-publication release. For information on the proper use of pre-publication data shared by the Wellcome Trust Sanger Institute (including details of any publication moratoria)%2C please see http%3A%2F%2Fwww.sanger.ac.uk%2Fdatasharing%2F,4042,CTTV019 RNAseq,Homo_sapiens (GRCh38_15 %2B ensembl_78_transcriptome),0,Transcriptomes of intestinal organoids,4,
2,22629951,CTTV0197621335,,CCATAAGA,AGTACCGC,,RNA PolyA,CCATAAGA,AGTACCGC,ncb@sanger.ac.uk slw@sanger.ac.uk,,ncb@sanger.ac.uk slw@sanger.ac.uk,,,0,0,23584440,0,22629951,,9606,S2263,,,standard,,,from:100 to:300,,,Homo sapiens,0,,CTTV0197621335,3840332,CTTV0197621335,,,3052 AC_C1,888,EGAS00001001680,1,0,0,The purpose of this study is to establish whether intestinal organoid cultures from IBD patients are a good model of disease by studying various disease phenomena including%2C epithelial repair%2C wound healing%2C fibrotic changes%2C granulomas and inflammatory processes. Organoids will be used for target pertubation and validation studies. %0D%0AThis data is part of a pre-publication release. For information on the proper use of pre-publication data shared by the Wellcome Trust Sanger Institute (including details of any publication moratoria)%2C please see http%3A%2F%2Fwww.sanger.ac.uk%2Fdatasharing%2F,4042,CTTV019 RNAseq,Homo_sapiens (GRCh38_15 %2B ensembl_78_transcriptome),0,Transcriptomes of intestinal organoids,5,
2,22629963,CTTV0197621336,,ACTTAGAG,CTCCATAA,,RNA PolyA,ACTTAGAG,CTCCATAA,ncb@sanger.ac.uk slw@sanger.ac.uk,,ncb@sanger.ac.uk slw@sanger.ac.uk,,,0,0,23584440,0,22629963,,9606,S2263,,,standard,,,from:100 to:300,,,Homo sapiens,0,,CTTV0197621336,3840333,CTTV0197621336,,,3052 AC_C2,888,EGAS00001001680,1,0,0,The purpose of this study is to establish whether intestinal organoid cultures from IBD patients are a good model of disease by studying various disease phenomena including%2C epithelial repair%2C wound healing%2C fibrotic changes%2C granulomas and inflammatory processes. Organoids will be used for target pertubation and validation studies. %0D%0AThis data is part of a pre-publication release. For information on the proper use of pre-publication data shared by the Wellcome Trust Sanger Institute (including details of any publication moratoria)%2C please see http%3A%2F%2Fwww.sanger.ac.uk%2Fdatasharing%2F,4042,CTTV019 RNAseq,Homo_sapiens (GRCh38_15 %2B ensembl_78_transcriptome),0,Transcriptomes of intestinal organoids,6,
2,22766063,phiX_for_spiked_buffers,,ACAACGCAATC,,,,ACAACGCAATC,,,,,,,1,0,23584440,0,22766063,,10847,,,,standard,,,,,,,0,,,1255141,phiX_for_spiked_buffers,,PhiX (Sanger-SNPs),,888,,1,0,0,None,198,Illumina Controls, ,0,,888,
3,22629975,CTTV0197621337,,TCAGGAAA,CCAAACCC,,RNA PolyA,TCAGGAAA,CCAAACCC,ncb@sanger.ac.uk slw@sanger.ac.uk,,ncb@sanger.ac.uk slw@sanger.ac.uk,,,0,0,23584441,0,22629975,,9606,S2263,,,standard,,,from:100 to:300,,,Homo sapiens,0,,CTTV0197621337,3840334,CTTV0197621337,,,3052 AC_C3,888,EGAS00001001680,1,0,0,The purpose of this study is to establish whether intestinal organoid cultures from IBD patients are a good model of disease by studying various disease phenomena including%2C epithelial repair%2C wound healing%2C fibrotic changes%2C granulomas and inflammatory processes. Organoids will be used for target pertubation and validation studies. %0D%0AThis data is part of a pre-publication release. For information on the proper use of pre-publication data shared by the Wellcome Trust Sanger Institute (including details of any publication moratoria)%2C please see http%3A%2F%2Fwww.sanger.ac.uk%2Fdatasharing%2F,4042,CTTV019 RNAseq,Homo_sapiens (GRCh38_15 %2B ensembl_78_transcriptome),0,Transcriptomes of intestinal organoids,1,
3,22629987,CTTV0197621338,,CTATTGGG,ACTTAAAC,,RNA PolyA,CTATTGGG,ACTTAAAC,ncb@sanger.ac.uk slw@sanger.ac.uk,,ncb@sanger.ac.uk slw@sanger.ac.uk,,,0,0,23584441,0,22629987,,9606,S2263,,,standard,,,from:100 to:300,,,Homo sapiens,0,,CTTV0197621338,3840335,CTTV0197621338,,,3052 AC_C4,888,EGAS00001001680,1,0,0,The purpose of this study is to establish whether intestinal organoid cultures from IBD patients are a good model of disease by studying various disease phenomena including%2C epithelial repair%2C wound healing%2C fibrotic changes%2C granulomas and inflammatory processes. Organoids will be used for target pertubation and validation studies. %0D%0AThis data is part of a pre-publication release. For information on the proper use of pre-publication data shared by the Wellcome Trust Sanger Institute (including details of any publication moratoria)%2C please see http%3A%2F%2Fwww.sanger.ac.uk%2Fdatasharing%2F,4042,CTTV019 RNAseq,Homo_sapiens (GRCh38_15 %2B ensembl_78_transcriptome),0,Transcriptomes of intestinal organoids,2,
3,22629904,CTTV0197621339,,AGACAGGT,GTGGTGTG,,RNA PolyA,AGACAGGT,GTGGTGTG,ncb@sanger.ac.uk slw@sanger.ac.uk,,ncb@sanger.ac.uk slw@sanger.ac.uk,,,0,0,23584441,0,22629904,,9606,S2263,,,standard,,,from:100 to:300,,,Homo sapiens,0,,CTTV0197621339,3840336,CTTV0197621339,,,3052 AC_C5,888,EGAS00001001680,1,0,0,The purpose of this study is to establish whether intestinal organoid cultures from IBD patients are a good model of disease by studying various disease phenomena including%2C epithelial repair%2C wound healing%2C fibrotic changes%2C granulomas and inflammatory processes. Organoids will be used for target pertubation and validation studies. %0D%0AThis data is part of a pre-publication release. For information on the proper use of pre-publication data shared by the Wellcome Trust Sanger Institute (including details of any publication moratoria)%2C please see http%3A%2F%2Fwww.sanger.ac.uk%2Fdatasharing%2F,4042,CTTV019 RNAseq,Homo_sapiens (GRCh38_15 %2B ensembl_78_transcriptome),0,Transcriptomes of intestinal organoids,3,
3,22629916,CTTV0197621340,,CAGCTGGC,CGCGCAAA,,RNA PolyA,CAGCTGGC,CGCGCAAA,ncb@sanger.ac.uk slw@sanger.ac.uk,,ncb@sanger.ac.uk slw@sanger.ac.uk,,,0,0,23584441,0,22629916,,9606,S2263,,,standard,,,from:100 to:300,,,Homo sapiens,0,,CTTV0197621340,3840337,CTTV0197621340,,,3052 AC_C6,888,EGAS00001001680,1,0,0,The purpose of this study is to establish whether intestinal organoid cultures from IBD patients are a good model of disease by studying various disease phenomena including%2C epithelial repair%2C wound healing%2C fibrotic changes%2C granulomas and inflammatory processes. Organoids will be used for target pertubation and validation studies. %0D%0AThis data is part of a pre-publication release. For information on the proper use of pre-publication data shared by the Wellcome Trust Sanger Institute (including details of any publication moratoria)%2C please see http%3A%2F%2Fwww.sanger.ac.uk%2Fdatasharing%2F,4042,CTTV019 RNAseq,Homo_sapiens (GRCh38_15 %2B ensembl_78_transcriptome),0,Transcriptomes of intestinal organoids,4,
3,22629928,CTTV0197621341,,AGCGGGTC,AAATCAAG,,RNA PolyA,AGCGGGTC,AAATCAAG,ncb@sanger.ac.uk slw@sanger.ac.uk,,ncb@sanger.ac.uk slw@sanger.ac.uk,,,0,0,23584441,0,22629928,,9606,S2263,,,standard,,,from:100 to:300,,,Homo sapiens,0,,CTTV0197621341,3840338,CTTV0197621341,,,3052 AC_C7,888,EGAS00001001680,1,0,0,The purpose of this study is to establish whether intestinal organoid cultures from IBD patients are a good model of disease by studying various disease phenomena including%2C epithelial repair%2C wound healing%2C fibrotic changes%2C granulomas and inflammatory processes. Organoids will be used for target pertubation and validation studies. %0D%0AThis data is part of a pre-publication release. For information on the proper use of pre-publication data shared by the Wellcome Trust Sanger Institute (including details of any publication moratoria)%2C please see http%3A%2F%2Fwww.sanger.ac.uk%2Fdatasharing%2F,4042,CTTV019 RNAseq,Homo_sapiens (GRCh38_15 %2B ensembl_78_transcriptome),0,Transcriptomes of intestinal organoids,5,
3,22629940,CTTV0197621342,,GTCGAGTT,GTCAGTAT,,RNA PolyA,GTCGAGTT,GTCAGTAT,ncb@sanger.ac.uk slw@sanger.ac.uk,,ncb@sanger.ac.uk slw@sanger.ac.uk,,,0,0,23584441,0,22629940,,9606,S2263,,,standard,,,from:100 to:300,,,Homo sapiens,0,,CTTV0197621342,3840339,CTTV0197621342,,,3052 AC_C78,888,EGAS00001001680,1,0,0,The purpose of this study is to establish whether intestinal organoid cultures from IBD patients are a good model of disease by studying various disease phenomena including%2C epithelial repair%2C wound healing%2C fibrotic changes%2C granulomas and inflammatory processes. Organoids will be used for target pertubation and validation studies. %0D%0AThis data is part of a pre-publication release. For information on the proper use of pre-publication data shared by the Wellcome Trust Sanger Institute (including details of any publication moratoria)%2C please see http%3A%2F%2Fwww.sanger.ac.uk%2Fdatasharing%2F,4042,CTTV019 RNAseq,Homo_sapiens (GRCh38_15 %2B ensembl_78_transcriptome),0,Transcriptomes of intestinal organoids,6,
3,22766063,phiX_for_spiked_buffers,,ACAACGCAATC,,,,ACAACGCAATC,,,,,,,1,0,23584441,0,22766063,,10847,,,,standard,,,,,,,0,,,1255141,phiX_for_spiked_buffers,,PhiX (Sanger-SNPs),,888,,1,0,0,None,198,Illumina Controls, ,0,,888,
4,22629952,CTTV0197621343,,CGTCACCA,CTTGTTAA,,RNA PolyA,CGTCACCA,CTTGTTAA,ncb@sanger.ac.uk slw@sanger.ac.uk,,ncb@sanger.ac.uk slw@sanger.ac.uk,,,0,0,23584442,0,22629952,,9606,S2263,,,standard,,,from:100 to:300,,,Homo sapiens,0,,CTTV0197621343,3840340,CTTV0197621343,,,3052 AC_C9,888,EGAS00001001680,1,0,0,The purpose of this study is to establish whether intestinal organoid cultures from IBD patients are a good model of disease by studying various disease phenomena including%2C epithelial repair%2C wound healing%2C fibrotic changes%2C granulomas and inflammatory processes. Organoids will be used for target pertubation and validation studies. %0D%0AThis data is part of a pre-publication release. For information on the proper use of pre-publication data shared by the Wellcome Trust Sanger Institute (including details of any publication moratoria)%2C please see http%3A%2F%2Fwww.sanger.ac.uk%2Fdatasharing%2F,4042,CTTV019 RNAseq,Homo_sapiens (GRCh38_15 %2B ensembl_78_transcriptome),0,Transcriptomes of intestinal organoids,1,
4,22629964,CTTV0197621344,,GTGTTTCT,AAAGTGCG,,RNA PolyA,GTGTTTCT,AAAGTGCG,ncb@sanger.ac.uk slw@sanger.ac.uk,,ncb@sanger.ac.uk slw@sanger.ac.uk,,,0,0,23584442,0,22629964,,9606,S2263,,,standard,,,from:100 to:300,,,Homo sapiens,0,,CTTV0197621344,3840341,CTTV0197621344,,,3052 AC_IL22_1,888,EGAS00001001680,1,0,0,The purpose of this study is to establish whether intestinal organoid cultures from IBD patients are a good model of disease by studying various disease phenomena including%2C epithelial repair%2C wound healing%2C fibrotic changes%2C granulomas and inflammatory processes. Organoids will be used for target pertubation and validation studies. %0D%0AThis data is part of a pre-publication release. For information on the proper use of pre-publication data shared by the Wellcome Trust Sanger Institute (including details of any publication moratoria)%2C please see http%3A%2F%2Fwww.sanger.ac.uk%2Fdatasharing%2F,4042,CTTV019 RNAseq,Homo_sapiens (GRCh38_15 %2B ensembl_78_transcriptome),0,Transcriptomes of intestinal organoids,2,
4,22629976,CTTV0197621345,,GGCACTCA,AAGTACAG,,RNA PolyA,GGCACTCA,AAGTACAG,ncb@sanger.ac.uk slw@sanger.ac.uk,,ncb@sanger.ac.uk slw@sanger.ac.uk,,,0,0,23584442,0,22629976,,9606,S2263,,,standard,,,from:100 to:300,,,Homo sapiens,0,,CTTV0197621345,3840342,CTTV0197621345,,,3052 AC_IL22_2,888,EGAS00001001680,1,0,0,The purpose of this study is to establish whether intestinal organoid cultures from IBD patients are a good model of disease by studying various disease phenomena including%2C epithelial repair%2C wound healing%2C fibrotic changes%2C granulomas and inflammatory processes. Organoids will be used for target pertubation and validation studies. %0D%0AThis data is part of a pre-publication release. For information on the proper use of pre-publication data shared by the Wellcome Trust Sanger Institute (including details of any publication moratoria)%2C please see http%3A%2F%2Fwww.sanger.ac.uk%2Fdatasharing%2F,4042,CTTV019 RNAseq,Homo_sapiens (GRCh38_15 %2B ensembl_78_transcriptome),0,Transcriptomes of intestinal organoids,3,
4,22629988,CTTV0197621346,,GTCATCTT,GCGCGCTA,,RNA PolyA,GTCATCTT,GCGCGCTA,ncb@sanger.ac.uk slw@sanger.ac.uk,,ncb@sanger.ac.uk slw@sanger.ac.uk,,,0,0,23584442,0,22629988,,9606,S2263,,,standard,,,from:100 to:300,,,Homo sapiens,0,,CTTV0197621346,3840343,CTTV0197621346,,,3052 AC_IL22_3,888,EGAS00001001680,1,0,0,The purpose of this study is to establish whether intestinal organoid cultures from IBD patients are a good model of disease by studying various disease phenomena including%2C epithelial repair%2C wound healing%2C fibrotic changes%2C granulomas and inflammatory processes. Organoids will be used for target pertubation and validation studies. %0D%0AThis data is part of a pre-publication release. For information on the proper use of pre-publication data shared by the Wellcome Trust Sanger Institute (including details of any publication moratoria)%2C please see http%3A%2F%2Fwww.sanger.ac.uk%2Fdatasharing%2F,4042,CTTV019 RNAseq,Homo_sapiens (GRCh38_15 %2B ensembl_78_transcriptome),0,Transcriptomes of intestinal organoids,4,
4,22629905,CTTV0197621347,,TCGCACTT,AAGCAAAC,,RNA PolyA,TCGCACTT,AAGCAAAC,ncb@sanger.ac.uk slw@sanger.ac.uk,,ncb@sanger.ac.uk slw@sanger.ac.uk,,,0,0,23584442,0,22629905,,9606,S2263,,,standard,,,from:100 to:300,,,Homo sapiens,0,,CTTV0197621347,3840344,CTTV0197621347,,,3052 AC_IL22_4,888,EGAS00001001680,1,0,0,The purpose of this study is to establish whether intestinal organoid cultures from IBD patients are a good model of disease by studying various disease phenomena including%2C epithelial repair%2C wound healing%2C fibrotic changes%2C granulomas and inflammatory processes. Organoids will be used for target pertubation and validation studies. %0D%0AThis data is part of a pre-publication release. For information on the proper use of pre-publication data shared by the Wellcome Trust Sanger Institute (including details of any publication moratoria)%2C please see http%3A%2F%2Fwww.sanger.ac.uk%2Fdatasharing%2F,4042,CTTV019 RNAseq,Homo_sapiens (GRCh38_15 %2B ensembl_78_transcriptome),0,Transcriptomes of intestinal organoids,5,
4,22629917,CTTV0197621348,,GCGGTGGG,AGGCGCTC,,RNA PolyA,GCGGTGGG,AGGCGCTC,ncb@sanger.ac.uk slw@sanger.ac.uk,,ncb@sanger.ac.uk slw@sanger.ac.uk,,,0,0,23584442,0,22629917,,9606,S2263,,,standard,,,from:100 to:300,,,Homo sapiens,0,,CTTV0197621348,3840345,CTTV0197621348,,,3052 AC_IL22_5,888,EGAS00001001680,1,0,0,The purpose of this study is to establish whether intestinal organoid cultures from IBD patients are a good model of disease by studying various disease phenomena including%2C epithelial repair%2C wound healing%2C fibrotic changes%2C granulomas and inflammatory processes. Organoids will be used for target pertubation and validation studies. %0D%0AThis data is part of a pre-publication release. For information on the proper use of pre-publication data shared by the Wellcome Trust Sanger Institute (including details of any publication moratoria)%2C please see http%3A%2F%2Fwww.sanger.ac.uk%2Fdatasharing%2F,4042,CTTV019 RNAseq,Homo_sapiens (GRCh38_15 %2B ensembl_78_transcriptome),0,Transcriptomes of intestinal organoids,6,
4,22766063,phiX_for_spiked_buffers,,ACAACGCAATC,,,,ACAACGCAATC,,,,,,,1,0,23584442,0,22766063,,10847,,,,standard,,,,,,,0,,,1255141,phiX_for_spiked_buffers,,PhiX (Sanger-SNPs),,888,,1,0,0,None,198,Illumina Controls, ,0,,888,
5,22629929,CTTV0197621349,,ATAATAAG,ACATCACC,,RNA PolyA,ATAATAAG,ACATCACC,ncb@sanger.ac.uk slw@sanger.ac.uk,,ncb@sanger.ac.uk slw@sanger.ac.uk,,,0,0,23584443,0,22629929,,9606,S2263,,,standard,,,from:100 to:300,,,Homo sapiens,0,,CTTV0197621349,3840346,CTTV0197621349,,,3052 AC_IL22_6,888,EGAS00001001680,1,0,0,The purpose of this study is to establish whether intestinal organoid cultures from IBD patients are a good model of disease by studying various disease phenomena including%2C epithelial repair%2C wound healing%2C fibrotic changes%2C granulomas and inflammatory processes. Organoids will be used for target pertubation and validation studies. %0D%0AThis data is part of a pre-publication release. For information on the proper use of pre-publication data shared by the Wellcome Trust Sanger Institute (including details of any publication moratoria)%2C please see http%3A%2F%2Fwww.sanger.ac.uk%2Fdatasharing%2F,4042,CTTV019 RNAseq,Homo_sapiens (GRCh38_15 %2B ensembl_78_transcriptome),0,Transcriptomes of intestinal organoids,1,
5,22629941,CTTV0197621350,,ACAGCGCG,TATAATTA,,RNA PolyA,ACAGCGCG,TATAATTA,ncb@sanger.ac.uk slw@sanger.ac.uk,,ncb@sanger.ac.uk slw@sanger.ac.uk,,,0,0,23584443,0,22629941,,9606,S2263,,,standard,,,from:100 to:300,,,Homo sapiens,0,,CTTV0197621350,3840347,CTTV0197621350,,,3052 AC_IL22_7,888,EGAS00001001680,1,0,0,The purpose of this study is to establish whether intestinal organoid cultures from IBD patients are a good model of disease by studying various disease phenomena including%2C epithelial repair%2C wound healing%2C fibrotic changes%2C granulomas and inflammatory processes. Organoids will be used for target pertubation and validation studies. %0D%0AThis data is part of a pre-publication release. For information on the proper use of pre-publication data shared by the Wellcome Trust Sanger Institute (including details of any publication moratoria)%2C please see http%3A%2F%2Fwww.sanger.ac.uk%2Fdatasharing%2F,4042,CTTV019 RNAseq,Homo_sapiens (GRCh38_15 %2B ensembl_78_transcriptome),0,Transcriptomes of intestinal organoids,2,
5,22629953,CTTV0197621351,,AGAGCTTA,TATAAAGC,,RNA PolyA,AGAGCTTA,TATAAAGC,ncb@sanger.ac.uk slw@sanger.ac.uk,,ncb@sanger.ac.uk slw@sanger.ac.uk,,,0,0,23584443,0,22629953,,9606,S2263,,,standard,,,from:100 to:300,,,Homo sapiens,0,,CTTV0197621351,3840348,CTTV0197621351,,,3052 AC_IL22_8,888,EGAS00001001680,1,0,0,The purpose of this study is to establish whether intestinal organoid cultures from IBD patients are a good model of disease by studying various disease phenomena including%2C epithelial repair%2C wound healing%2C fibrotic changes%2C granulomas and inflammatory processes. Organoids will be used for target pertubation and validation studies. %0D%0AThis data is part of a pre-publication release. For information on the proper use of pre-publication data shared by the Wellcome Trust Sanger Institute (including details of any publication moratoria)%2C please see http%3A%2F%2Fwww.sanger.ac.uk%2Fdatasharing%2F,4042,CTTV019 RNAseq,Homo_sapiens (GRCh38_15 %2B ensembl_78_transcriptome),0,Transcriptomes of intestinal organoids,3,
5,22629965,CTTV0197621352,,GTTCGAGC,TCCACACC,,RNA PolyA,GTTCGAGC,TCCACACC,ncb@sanger.ac.uk slw@sanger.ac.uk,,ncb@sanger.ac.uk slw@sanger.ac.uk,,,0,0,23584443,0,22629965,,9606,S2263,,,standard,,,from:100 to:300,,,Homo sapiens,0,,CTTV0197621352,3840349,CTTV0197621352,,,3052 AC_IL22_9,888,EGAS00001001680,1,0,0,The purpose of this study is to establish whether intestinal organoid cultures from IBD patients are a good model of disease by studying various disease phenomena including%2C epithelial repair%2C wound healing%2C fibrotic changes%2C granulomas and inflammatory processes. Organoids will be used for target pertubation and validation studies. %0D%0AThis data is part of a pre-publication release. For information on the proper use of pre-publication data shared by the Wellcome Trust Sanger Institute (including details of any publication moratoria)%2C please see http%3A%2F%2Fwww.sanger.ac.uk%2Fdatasharing%2F,4042,CTTV019 RNAseq,Homo_sapiens (GRCh38_15 %2B ensembl_78_transcriptome),0,Transcriptomes of intestinal organoids,4,
5,22629977,CTTV0197621353,,CTAAGTCC,TATCAAAG,,RNA PolyA,CTAAGTCC,TATCAAAG,ncb@sanger.ac.uk slw@sanger.ac.uk,,ncb@sanger.ac.uk slw@sanger.ac.uk,,,0,0,23584443,0,22629977,,9606,S2263,,,standard,,,from:100 to:300,,,Homo sapiens,0,,CTTV0197621353,3840350,CTTV0197621353,,,188 control 1,888,EGAS00001001680,1,0,0,The purpose of this study is to establish whether intestinal organoid cultures from IBD patients are a good model of disease by studying various disease phenomena including%2C epithelial repair%2C wound healing%2C fibrotic changes%2C granulomas and inflammatory processes. Organoids will be used for target pertubation and validation studies. %0D%0AThis data is part of a pre-publication release. For information on the proper use of pre-publication data shared by the Wellcome Trust Sanger Institute (including details of any publication moratoria)%2C please see http%3A%2F%2Fwww.sanger.ac.uk%2Fdatasharing%2F,4042,CTTV019 RNAseq,Homo_sapiens (GRCh38_15 %2B ensembl_78_transcriptome),0,Transcriptomes of intestinal organoids,5,
5,22629989,CTTV0197621354,,GCGTCTTC,CGTAATCG,,RNA PolyA,GCGTCTTC,CGTAATCG,ncb@sanger.ac.uk slw@sanger.ac.uk,,ncb@sanger.ac.uk slw@sanger.ac.uk,,,0,0,23584443,0,22629989,,9606,S2263,,,standard,,,from:100 to:300,,,Homo sapiens,0,,CTTV0197621354,3840351,CTTV0197621354,,,188 control 2,888,EGAS00001001680,1,0,0,The purpose of this study is to establish whether intestinal organoid cultures from IBD patients are a good model of disease by studying various disease phenomena including%2C epithelial repair%2C wound healing%2C fibrotic changes%2C granulomas and inflammatory processes. Organoids will be used for target pertubation and validation studies. %0D%0AThis data is part of a pre-publication release. For information on the proper use of pre-publication data shared by the Wellcome Trust Sanger Institute (including details of any publication moratoria)%2C please see http%3A%2F%2Fwww.sanger.ac.uk%2Fdatasharing%2F,4042,CTTV019 RNAseq,Homo_sapiens (GRCh38_15 %2B ensembl_78_transcriptome),0,Transcriptomes of intestinal organoids,6,
5,22766063,phiX_for_spiked_buffers,,ACAACGCAATC,,,,ACAACGCAATC,,,,,,,1,0,23584443,0,22766063,,10847,,,,standard,,,,,,,0,,,1255141,phiX_for_spiked_buffers,,PhiX (Sanger-SNPs),,888,,1,0,0,None,198,Illumina Controls, ,0,,888,
6,22629906,CTTV0197621355,,GAGCTTTC,CACAGTTC,,RNA PolyA,GAGCTTTC,CACAGTTC,ncb@sanger.ac.uk slw@sanger.ac.uk,,ncb@sanger.ac.uk slw@sanger.ac.uk,,,0,0,23584444,0,22629906,,9606,S2263,,,standard,,,from:100 to:300,,,Homo sapiens,0,,CTTV0197621355,3840352,CTTV0197621355,,,188 control 3,888,EGAS00001001680,1,0,0,The purpose of this study is to establish whether intestinal organoid cultures from IBD patients are a good model of disease by studying various disease phenomena including%2C epithelial repair%2C wound healing%2C fibrotic changes%2C granulomas and inflammatory processes. Organoids will be used for target pertubation and validation studies. %0D%0AThis data is part of a pre-publication release. For information on the proper use of pre-publication data shared by the Wellcome Trust Sanger Institute (including details of any publication moratoria)%2C please see http%3A%2F%2Fwww.sanger.ac.uk%2Fdatasharing%2F,4042,CTTV019 RNAseq,Homo_sapiens (GRCh38_15 %2B ensembl_78_transcriptome),0,Transcriptomes of intestinal organoids,1,
6,22629918,CTTV0197621356,,GTGCCGCA,TCGAGGCG,,RNA PolyA,GTGCCGCA,TCGAGGCG,ncb@sanger.ac.uk slw@sanger.ac.uk,,ncb@sanger.ac.uk slw@sanger.ac.uk,,,0,0,23584444,0,22629918,,9606,S2263,,,standard,,,from:100 to:300,,,Homo sapiens,0,,CTTV0197621356,3840353,CTTV0197621356,,,188 control 4,888,EGAS00001001680,1,0,0,The purpose of this study is to establish whether intestinal organoid cultures from IBD patients are a good model of disease by studying various disease phenomena including%2C epithelial repair%2C wound healing%2C fibrotic changes%2C granulomas and inflammatory processes. Organoids will be used for target pertubation and validation studies. %0D%0AThis data is part of a pre-publication release. For information on the proper use of pre-publication data shared by the Wellcome Trust Sanger Institute (including details of any publication moratoria)%2C please see http%3A%2F%2Fwww.sanger.ac.uk%2Fdatasharing%2F,4042,CTTV019 RNAseq,Homo_sapiens (GRCh38_15 %2B ensembl_78_transcriptome),0,Transcriptomes of intestinal organoids,2,
6,22629930,CTTV0197621357,,TGTTTGGG,TGTTCAGC,,RNA PolyA,TGTTTGGG,TGTTCAGC,ncb@sanger.ac.uk slw@sanger.ac.uk,,ncb@sanger.ac.uk slw@sanger.ac.uk,,,0,0,23584444,0,22629930,,9606,S2263,,,standard,,,from:100 to:300,,,Homo sapiens,0,,CTTV0197621357,3840354,CTTV0197621357,,,188 control 5,888,EGAS00001001680,1,0,0,The purpose of this study is to establish whether intestinal organoid cultures from IBD patients are a good model of disease by studying various disease phenomena including%2C epithelial repair%2C wound healing%2C fibrotic changes%2C granulomas and inflammatory processes. Organoids will be used for target pertubation and validation studies. %0D%0AThis data is part of a pre-publication release. For information on the proper use of pre-publication data shared by the Wellcome Trust Sanger Institute (including details of any publication moratoria)%2C please see http%3A%2F%2Fwww.sanger.ac.uk%2Fdatasharing%2F,4042,CTTV019 RNAseq,Homo_sapiens (GRCh38_15 %2B ensembl_78_transcriptome),0,Transcriptomes of intestinal organoids,3,
6,22629942,CTTV0197621358,,GGTGCATT,TAAATAGA,,RNA PolyA,GGTGCATT,TAAATAGA,ncb@sanger.ac.uk slw@sanger.ac.uk,,ncb@sanger.ac.uk slw@sanger.ac.uk,,,0,0,23584444,0,22629942,,9606,S2263,,,standard,,,from:100 to:300,,,Homo sapiens,0,,CTTV0197621358,3840355,CTTV0197621358,,,188 control 6,888,EGAS00001001680,1,0,0,The purpose of this study is to establish whether intestinal organoid cultures from IBD patients are a good model of disease by studying various disease phenomena including%2C epithelial repair%2C wound healing%2C fibrotic changes%2C granulomas and inflammatory processes. Organoids will be used for target pertubation and validation studies. %0D%0AThis data is part of a pre-publication release. For information on the proper use of pre-publication data shared by the Wellcome Trust Sanger Institute (including details of any publication moratoria)%2C please see http%3A%2F%2Fwww.sanger.ac.uk%2Fdatasharing%2F,4042,CTTV019 RNAseq,Homo_sapiens (GRCh38_15 %2B ensembl_78_transcriptome),0,Transcriptomes of intestinal organoids,4,
6,22629954,CTTV0197621359,,GATCTTGA,GTCCCGCA,,RNA PolyA,GATCTTGA,GTCCCGCA,ncb@sanger.ac.uk slw@sanger.ac.uk,,ncb@sanger.ac.uk slw@sanger.ac.uk,,,0,0,23584444,0,22629954,,9606,S2263,,,standard,,,from:100 to:300,,,Homo sapiens,0,,CTTV0197621359,3840356,CTTV0197621359,,,188 control 7,888,EGAS00001001680,1,0,0,The purpose of this study is to establish whether intestinal organoid cultures from IBD patients are a good model of disease by studying various disease phenomena including%2C epithelial repair%2C wound healing%2C fibrotic changes%2C granulomas and inflammatory processes. Organoids will be used for target pertubation and validation studies. %0D%0AThis data is part of a pre-publication release. For information on the proper use of pre-publication data shared by the Wellcome Trust Sanger Institute (including details of any publication moratoria)%2C please see http%3A%2F%2Fwww.sanger.ac.uk%2Fdatasharing%2F,4042,CTTV019 RNAseq,Homo_sapiens (GRCh38_15 %2B ensembl_78_transcriptome),0,Transcriptomes of intestinal organoids,5,
6,22629966,CTTV0197621360,,GCATAAAG,AATCGGCG,,RNA PolyA,GCATAAAG,AATCGGCG,ncb@sanger.ac.uk slw@sanger.ac.uk,,ncb@sanger.ac.uk slw@sanger.ac.uk,,,0,0,23584444,0,22629966,,9606,S2263,,,standard,,,from:100 to:300,,,Homo sapiens,0,,CTTV0197621360,3840357,CTTV0197621360,,,188 control 8,888,EGAS00001001680,1,0,0,The purpose of this study is to establish whether intestinal organoid cultures from IBD patients are a good model of disease by studying various disease phenomena including%2C epithelial repair%2C wound healing%2C fibrotic changes%2C granulomas and inflammatory processes. Organoids will be used for target pertubation and validation studies. %0D%0AThis data is part of a pre-publication release. For information on the proper use of pre-publication data shared by the Wellcome Trust Sanger Institute (including details of any publication moratoria)%2C please see http%3A%2F%2Fwww.sanger.ac.uk%2Fdatasharing%2F,4042,CTTV019 RNAseq,Homo_sapiens (GRCh38_15 %2B ensembl_78_transcriptome),0,Transcriptomes of intestinal organoids,6,
6,22766063,phiX_for_spiked_buffers,,ACAACGCAATC,,,,ACAACGCAATC,,,,,,,1,0,23584444,0,22766063,,10847,,,,standard,,,,,,,0,,,1255141,phiX_for_spiked_buffers,,PhiX (Sanger-SNPs),,888,,1,0,0,None,198,Illumina Controls, ,0,,888,
7,22629978,CTTV0197621361,,ACTAACCA,GAATCTCT,,RNA PolyA,ACTAACCA,GAATCTCT,ncb@sanger.ac.uk slw@sanger.ac.uk,,ncb@sanger.ac.uk slw@sanger.ac.uk,,,0,0,23584445,0,22629978,,9606,S2263,,,standard,,,from:100 to:300,,,Homo sapiens,0,,CTTV0197621361,3840358,CTTV0197621361,,,188 control 9,888,EGAS00001001680,1,0,0,The purpose of this study is to establish whether intestinal organoid cultures from IBD patients are a good model of disease by studying various disease phenomena including%2C epithelial repair%2C wound healing%2C fibrotic changes%2C granulomas and inflammatory processes. Organoids will be used for target pertubation and validation studies. %0D%0AThis data is part of a pre-publication release. For information on the proper use of pre-publication data shared by the Wellcome Trust Sanger Institute (including details of any publication moratoria)%2C please see http%3A%2F%2Fwww.sanger.ac.uk%2Fdatasharing%2F,4042,CTTV019 RNAseq,Homo_sapiens (GRCh38_15 %2B ensembl_78_transcriptome),0,Transcriptomes of intestinal organoids,1,
7,22629990,CTTV0197621362,,CAGCTCAG,AGGCAGGC,,RNA PolyA,CAGCTCAG,AGGCAGGC,ncb@sanger.ac.uk slw@sanger.ac.uk,,ncb@sanger.ac.uk slw@sanger.ac.uk,,,0,0,23584445,0,22629990,,9606,S2263,,,standard,,,from:100 to:300,,,Homo sapiens,0,,CTTV0197621362,3840359,CTTV0197621362,,,188 IL22 1,888,EGAS00001001680,1,0,0,The purpose of this study is to establish whether intestinal organoid cultures from IBD patients are a good model of disease by studying various disease phenomena including%2C epithelial repair%2C wound healing%2C fibrotic changes%2C granulomas and inflammatory processes. Organoids will be used for target pertubation and validation studies. %0D%0AThis data is part of a pre-publication release. For information on the proper use of pre-publication data shared by the Wellcome Trust Sanger Institute (including details of any publication moratoria)%2C please see http%3A%2F%2Fwww.sanger.ac.uk%2Fdatasharing%2F,4042,CTTV019 RNAseq,Homo_sapiens (GRCh38_15 %2B ensembl_78_transcriptome),0,Transcriptomes of intestinal organoids,2,
7,22629907,CTTV0197621363,,GATCGCCT,TCCCGCTC,,RNA PolyA,GATCGCCT,TCCCGCTC,ncb@sanger.ac.uk slw@sanger.ac.uk,,ncb@sanger.ac.uk slw@sanger.ac.uk,,,0,0,23584445,0,22629907,,9606,S2263,,,standard,,,from:100 to:300,,,Homo sapiens,0,,CTTV0197621363,3840360,CTTV0197621363,,,188 IL22 2,888,EGAS00001001680,1,0,0,The purpose of this study is to establish whether intestinal organoid cultures from IBD patients are a good model of disease by studying various disease phenomena including%2C epithelial repair%2C wound healing%2C fibrotic changes%2C granulomas and inflammatory processes. Organoids will be used for target pertubation and validation studies. %0D%0AThis data is part of a pre-publication release. For information on the proper use of pre-publication data shared by the Wellcome Trust Sanger Institute (including details of any publication moratoria)%2C please see http%3A%2F%2Fwww.sanger.ac.uk%2Fdatasharing%2F,4042,CTTV019 RNAseq,Homo_sapiens (GRCh38_15 %2B ensembl_78_transcriptome),0,Transcriptomes of intestinal organoids,3,
7,22629919,CTTV0197621364,,GCGACTGA,CGCTTCAC,,RNA PolyA,GCGACTGA,CGCTTCAC,ncb@sanger.ac.uk slw@sanger.ac.uk,,ncb@sanger.ac.uk slw@sanger.ac.uk,,,0,0,23584445,0,22629919,,9606,S2263,,,standard,,,from:100 to:300,,,Homo sapiens,0,,CTTV0197621364,3840361,CTTV0197621364,,,188 IL22 3,888,EGAS00001001680,1,0,0,The purpose of this study is to establish whether intestinal organoid cultures from IBD patients are a good model of disease by studying various disease phenomena including%2C epithelial repair%2C wound healing%2C fibrotic changes%2C granulomas and inflammatory processes. Organoids will be used for target pertubation and validation studies. %0D%0AThis data is part of a pre-publication release. For information on the proper use of pre-publication data shared by the Wellcome Trust Sanger Institute (including details of any publication moratoria)%2C please see http%3A%2F%2Fwww.sanger.ac.uk%2Fdatasharing%2F,4042,CTTV019 RNAseq,Homo_sapiens (GRCh38_15 %2B ensembl_78_transcriptome),0,Transcriptomes of intestinal organoids,4,
7,22629931,CTTV0197621365,,TTTATCCA,ATCGCATG,,RNA PolyA,TTTATCCA,ATCGCATG,ncb@sanger.ac.uk slw@sanger.ac.uk,,ncb@sanger.ac.uk slw@sanger.ac.uk,,,0,0,23584445,0,22629931,,9606,S2263,,,standard,,,from:100 to:300,,,Homo sapiens,0,,CTTV0197621365,3840362,CTTV0197621365,,,188 IL22 4,888,EGAS00001001680,1,0,0,The purpose of this study is to establish whether intestinal organoid cultures from IBD patients are a good model of disease by studying various disease phenomena including%2C epithelial repair%2C wound healing%2C fibrotic changes%2C granulomas and inflammatory processes. Organoids will be used for target pertubation and validation studies. %0D%0AThis data is part of a pre-publication release. For information on the proper use of pre-publication data shared by the Wellcome Trust Sanger Institute (including details of any publication moratoria)%2C please see http%3A%2F%2Fwww.sanger.ac.uk%2Fdatasharing%2F,4042,CTTV019 RNAseq,Homo_sapiens (GRCh38_15 %2B ensembl_78_transcriptome),0,Transcriptomes of intestinal organoids,5,
7,22629943,CTTV0197621366,,GTGCTCGT,GTGATTGG,,RNA PolyA,GTGCTCGT,GTGATTGG,ncb@sanger.ac.uk slw@sanger.ac.uk,,ncb@sanger.ac.uk slw@sanger.ac.uk,,,0,0,23584445,0,22629943,,9606,S2263,,,standard,,,from:100 to:300,,,Homo sapiens,0,,CTTV0197621366,3840363,CTTV0197621366,,,188 IL22 5,888,EGAS00001001680,1,0,0,The purpose of this study is to establish whether intestinal organoid cultures from IBD patients are a good model of disease by studying various disease phenomena including%2C epithelial repair%2C wound healing%2C fibrotic changes%2C granulomas and inflammatory processes. Organoids will be used for target pertubation and validation studies. %0D%0AThis data is part of a pre-publication release. For information on the proper use of pre-publication data shared by the Wellcome Trust Sanger Institute (including details of any publication moratoria)%2C please see http%3A%2F%2Fwww.sanger.ac.uk%2Fdatasharing%2F,4042,CTTV019 RNAseq,Homo_sapiens (GRCh38_15 %2B ensembl_78_transcriptome),0,Transcriptomes of intestinal organoids,6,
7,22766063,phiX_for_spiked_buffers,,ACAACGCAATC,,,,ACAACGCAATC,,,,,,,1,0,23584445,0,22766063,,10847,,,,standard,,,,,,,0,,,1255141,phiX_for_spiked_buffers,,PhiX (Sanger-SNPs),,888,,1,0,0,None,198,Illumina Controls, ,0,,888,
8,22629955,CTTV0197621367,,CGAGGACC,GAGGTCAC,,RNA PolyA,CGAGGACC,GAGGTCAC,ncb@sanger.ac.uk slw@sanger.ac.uk,,ncb@sanger.ac.uk slw@sanger.ac.uk,,,0,0,23584446,0,22629955,,9606,S2263,,,standard,,,from:100 to:300,,,Homo sapiens,0,,CTTV0197621367,3840364,CTTV0197621367,,,188 IL22 6,888,EGAS00001001680,1,0,0,The purpose of this study is to establish whether intestinal organoid cultures from IBD patients are a good model of disease by studying various disease phenomena including%2C epithelial repair%2C wound healing%2C fibrotic changes%2C granulomas and inflammatory processes. Organoids will be used for target pertubation and validation studies. %0D%0AThis data is part of a pre-publication release. For information on the proper use of pre-publication data shared by the Wellcome Trust Sanger Institute (including details of any publication moratoria)%2C please see http%3A%2F%2Fwww.sanger.ac.uk%2Fdatasharing%2F,4042,CTTV019 RNAseq,Homo_sapiens (GRCh38_15 %2B ensembl_78_transcriptome),0,Transcriptomes of intestinal organoids,1,
8,22629967,CTTV0197621368,,TCCGGATT,CACAAGGA,,RNA PolyA,TCCGGATT,CACAAGGA,ncb@sanger.ac.uk slw@sanger.ac.uk,,ncb@sanger.ac.uk slw@sanger.ac.uk,,,0,0,23584446,0,22629967,,9606,S2263,,,standard,,,from:100 to:300,,,Homo sapiens,0,,CTTV0197621368,3840365,CTTV0197621368,,,188 IL22 7,888,EGAS00001001680,1,0,0,The purpose of this study is to establish whether intestinal organoid cultures from IBD patients are a good model of disease by studying various disease phenomena including%2C epithelial repair%2C wound healing%2C fibrotic changes%2C granulomas and inflammatory processes. Organoids will be used for target pertubation and validation studies. %0D%0AThis data is part of a pre-publication release. For information on the proper use of pre-publication data shared by the Wellcome Trust Sanger Institute (including details of any publication moratoria)%2C please see http%3A%2F%2Fwww.sanger.ac.uk%2Fdatasharing%2F,4042,CTTV019 RNAseq,Homo_sapiens (GRCh38_15 %2B ensembl_78_transcriptome),0,Transcriptomes of intestinal organoids,2,
8,22629979,CTTV0197621369,,GCTTTGGC,GGAAGACA,,RNA PolyA,GCTTTGGC,GGAAGACA,ncb@sanger.ac.uk slw@sanger.ac.uk,,ncb@sanger.ac.uk slw@sanger.ac.uk,,,0,0,23584446,0,22629979,,9606,S2263,,,standard,,,from:100 to:300,,,Homo sapiens,0,,CTTV0197621369,3840366,CTTV0197621369,,,188 IL22 8,888,EGAS00001001680,1,0,0,The purpose of this study is to establish whether intestinal organoid cultures from IBD patients are a good model of disease by studying various disease phenomena including%2C epithelial repair%2C wound healing%2C fibrotic changes%2C granulomas and inflammatory processes. Organoids will be used for target pertubation and validation studies. %0D%0AThis data is part of a pre-publication release. For information on the proper use of pre-publication data shared by the Wellcome Trust Sanger Institute (including details of any publication moratoria)%2C please see http%3A%2F%2Fwww.sanger.ac.uk%2Fdatasharing%2F,4042,CTTV019 RNAseq,Homo_sapiens (GRCh38_15 %2B ensembl_78_transcriptome),0,Transcriptomes of intestinal organoids,3,
8,22629991,CTTV0197621370,,AACGACTG,GAAATTAT,,RNA PolyA,AACGACTG,GAAATTAT,ncb@sanger.ac.uk slw@sanger.ac.uk,,ncb@sanger.ac.uk slw@sanger.ac.uk,,,0,0,23584446,0,22629991,,9606,S2263,,,standard,,,from:100 to:300,,,Homo sapiens,0,,CTTV0197621370,3840367,CTTV0197621370,,,188 IL22 9,888,EGAS00001001680,1,0,0,The purpose of this study is to establish whether intestinal organoid cultures from IBD patients are a good model of disease by studying various disease phenomena including%2C epithelial repair%2C wound healing%2C fibrotic changes%2C granulomas and inflammatory processes. Organoids will be used for target pertubation and validation studies. %0D%0AThis data is part of a pre-publication release. For information on the proper use of pre-publication data shared by the Wellcome Trust Sanger Institute (including details of any publication moratoria)%2C please see http%3A%2F%2Fwww.sanger.ac.uk%2Fdatasharing%2F,4042,CTTV019 RNAseq,Homo_sapiens (GRCh38_15 %2B ensembl_78_transcriptome),0,Transcriptomes of intestinal organoids,4,
8,22629908,CTTV0197621371,,GACCGTCA,CTTCTTGG,,RNA PolyA,GACCGTCA,CTTCTTGG,ncb@sanger.ac.uk slw@sanger.ac.uk,,ncb@sanger.ac.uk slw@sanger.ac.uk,,,0,0,23584446,0,22629908,,9606,S2263,,,standard,,,from:100 to:300,,,Homo sapiens,0,,CTTV0197621371,3840368,CTTV0197621371,,,Fut2 KO control 1,888,EGAS00001001680,1,0,0,The purpose of this study is to establish whether intestinal organoid cultures from IBD patients are a good model of disease by studying various disease phenomena including%2C epithelial repair%2C wound healing%2C fibrotic changes%2C granulomas and inflammatory processes. Organoids will be used for target pertubation and validation studies. %0D%0AThis data is part of a pre-publication release. For information on the proper use of pre-publication data shared by the Wellcome Trust Sanger Institute (including details of any publication moratoria)%2C please see http%3A%2F%2Fwww.sanger.ac.uk%2Fdatasharing%2F,4042,CTTV019 RNAseq,Homo_sapiens (GRCh38_15 %2B ensembl_78_transcriptome),0,Transcriptomes of intestinal organoids,5,
8,22629920,CTTV0197621372,,CTCTGGGT,ACTTCTCG,,RNA PolyA,CTCTGGGT,ACTTCTCG,ncb@sanger.ac.uk slw@sanger.ac.uk,,ncb@sanger.ac.uk slw@sanger.ac.uk,,,0,0,23584446,0,22629920,,9606,S2263,,,standard,,,from:100 to:300,,,Homo sapiens,0,,CTTV0197621372,3840369,CTTV0197621372,,,Fut2 KO control 2,888,EGAS00001001680,1,0,0,The purpose of this study is to establish whether intestinal organoid cultures from IBD patients are a good model of disease by studying various disease phenomena including%2C epithelial repair%2C wound healing%2C fibrotic changes%2C granulomas and inflammatory processes. Organoids will be used for target pertubation and validation studies. %0D%0AThis data is part of a pre-publication release. For information on the proper use of pre-publication data shared by the Wellcome Trust Sanger Institute (including details of any publication moratoria)%2C please see http%3A%2F%2Fwww.sanger.ac.uk%2Fdatasharing%2F,4042,CTTV019 RNAseq,Homo_sapiens (GRCh37_53) DO_NOT_USE,0,Transcriptomes of intestinal organoids,6,
8,22766063,phiX_for_spiked_buffers,,ACAACGCAATC,,,,ACAACGCAATC,,,,,,,1,0,23584446,0,22766063,,10847,,,,standard,,,,,,,0,,,1255141,phiX_for_spiked_buffers,,PhiX (Sanger-SNPs),,888,,1,0,0,None,198,Illumina Controls, ,0,,888,
