read group,code,format,segment,reason,failed read count,total read count
TT,8,trim TT preamble and native adapter and filter lengths,preamble,rsq file,25946434,272192614
TT,101,trim TT preamble and native adapter and filter lengths,insert,sequence was too short,1003,272192614
TT,102,trim TT preamble and native adapter and filter lengths,insert,sequence was too long,1372,272192614
UGAv3-1000,8,no trimming,insert,rsq file,1747,2559
UGAv3-1001,8,no trimming,insert,rsq file,2765,3763
UGAv3-1002,8,no trimming,insert,rsq file,5528,15078
UGAv3-1003,8,no trimming,insert,rsq file,7570,11957
UGAv3-1004,8,no trimming,insert,rsq file,9911,21345
UGAv3-1005,8,no trimming,insert,rsq file,3346,4475
UGAv3-1006,8,no trimming,insert,rsq file,73984,78904
UGAv3-1007,8,no trimming,insert,rsq file,15370,22883
UGAv3-1008,8,no trimming,insert,rsq file,2660,8073
UGAv3-1009,8,no trimming,insert,rsq file,1663,2800
UGAv3-1010,8,no trimming,insert,rsq file,28096,35684
UGAv3-1011,8,no trimming,insert,rsq file,5687,17210
UGAv3-1012,8,no trimming,insert,rsq file,2038,5791
UGAv3-1013,8,no trimming,insert,rsq file,1223,5125
UGAv3-1014,8,no trimming,insert,rsq file,2592,6809
UGAv3-1015,8,no trimming,insert,rsq file,2251,5739
UGAv3-1016,8,no trimming,insert,rsq file,1609,2893
UGAv3-1017,8,no trimming,insert,rsq file,14672,21182
UGAv3-1018,8,no trimming,insert,rsq file,6901,18343
UGAv3-1021,8,no trimming,insert,rsq file,1554,5809
UGAv3-1022,8,no trimming,insert,rsq file,7975,11664
UGAv3-1026,8,no trimming,insert,rsq file,6075,9007
UGAv3-1029,8,no trimming,insert,rsq file,12674,23355
UGAv3-1037,8,no trimming,insert,rsq file,21318,27530
UGAv3-1042,8,no trimming,insert,rsq file,5281,10701
UGAv3-1043,8,no trimming,insert,rsq file,3675,10888
UGAv3-1047,8,no trimming,insert,rsq file,13538,19196
UGAv3-1056,8,no trimming,insert,rsq file,5510,7890
UGAv3-1071,8,no trimming,insert,rsq file,3597,12641
UGAv3-1078,8,no trimming,insert,rsq file,3965,12049
UGAv3-1079,8,no trimming,insert,rsq file,1378,2662
UGAv3-1089,8,no trimming,insert,rsq file,3068,5534
UGAv3-1090,8,no trimming,insert,rsq file,6271,10860
UGAv3-1099,8,no trimming,insert,rsq file,1164,2952
UGAv3-1103,8,no trimming,insert,rsq file,12719,13504
UGAv3-1114,8,no trimming,insert,rsq file,757,1627
UGAv3-1128,8,no trimming,insert,rsq file,9041,12192
UGAv3-1134,8,no trimming,insert,rsq file,2512,7620
UGAv3-1135,8,no trimming,insert,rsq file,44902,46642
UGAv3-1141,8,no trimming,insert,rsq file,12123,12731
UGAv3-1142,8,no trimming,insert,rsq file,23342,27124
UGAv3-1149,8,no trimming,insert,rsq file,20633,24395
UGAv3-1154,8,no trimming,insert,rsq file,1627,5664
UGAv3-1162,8,no trimming,insert,rsq file,833,1977
UGAv3-1190,8,no trimming,insert,rsq file,10625,14956
UGAv3-1193,8,no trimming,insert,rsq file,2495,3978
UGAv3-1200,8,no trimming,insert,rsq file,4574,4894
UGAv3-1209,8,no trimming,insert,rsq file,17827,23739
UGAv3-1216,8,no trimming,insert,rsq file,7228,14619
UGAv3-1218,8,no trimming,insert,rsq file,1973,6659
UGAv3-1219,8,no trimming,insert,rsq file,1828,3455
UGAv3-1221,8,no trimming,insert,rsq file,3403,9204
UGAv3-1223,8,no trimming,insert,rsq file,439135,452161
UGAv3-1227,8,no trimming,insert,rsq file,1061,5230
UGAv3-1230,8,no trimming,insert,rsq file,5899,14929
UGAv3-1233,8,no trimming,insert,rsq file,4236,13535
UGAv3-1241,8,no trimming,insert,rsq file,6716,14045
UGAv3-1244,8,no trimming,insert,rsq file,4999,17246
UGAv3-1248,8,no trimming,insert,rsq file,12544,14426
UGAv3-1249,8,no trimming,insert,rsq file,5945,25267
UGAv3-1265,8,no trimming,insert,rsq file,235434,237696
UGAv3-1269,8,no trimming,insert,rsq file,10672,13660
UGAv3-1276,8,no trimming,insert,rsq file,3450,6471
UGAv3-1278,8,no trimming,insert,rsq file,6502,38736
UGAv3-1280,8,no trimming,insert,rsq file,2425,10650
UGAv3-1285,8,no trimming,insert,rsq file,8724,33713
UGAv3-1286,8,no trimming,insert,rsq file,545152,616166
UGAv3-1292,8,no trimming,insert,rsq file,50691,58250
UGAv3-1295,8,no trimming,insert,rsq file,31048,44033
UGAv3-1300,8,no trimming,insert,rsq file,5196,18265
UGAv3-1301,8,no trimming,insert,rsq file,4648,15003
UGAv3-1303,8,no trimming,insert,rsq file,2342,4563
UGAv3-1307,8,no trimming,insert,rsq file,10070,42071
UGAv3-1315,8,no trimming,insert,rsq file,12639,23250
UGAv3-1318,8,no trimming,insert,rsq file,7905,28183
UGAv3-1324,8,no trimming,insert,rsq file,21288,47112
UGAv3-1328,8,no trimming,insert,rsq file,5419,16713
UGAv3-1329,8,no trimming,insert,rsq file,67781,77162
UGAv3-1332,8,no trimming,insert,rsq file,3092,13104
UGAv3-1349,8,no trimming,insert,rsq file,38744,48078
UGAv3-1352,8,no trimming,insert,rsq file,10238,17386
UGAv3-1354,8,no trimming,insert,rsq file,1875,3862
UGAv3-1359,8,no trimming,insert,rsq file,6508,8954
UGAv3-1360,8,no trimming,insert,rsq file,1914,8566
UGAv3-1369,8,no trimming,insert,rsq file,115981,130440
UGAv3-1372,8,no trimming,insert,rsq file,22078,28454
UGAv3-1373,8,no trimming,insert,rsq file,3136248,3292835
UGAv3-1379,8,no trimming,insert,rsq file,467260,481444
UGAv3-1382,8,no trimming,insert,rsq file,276653,313436
UGAv3-1385,8,no trimming,insert,rsq file,95572,102761
UGAv3-1389,8,no trimming,insert,rsq file,350968,384240
UGAv3-1392,8,no trimming,insert,rsq file,1592290,1616898
UGAv3-1401,8,no trimming,insert,rsq file,6502,14186
UGAv3-1406,8,no trimming,insert,rsq file,53748,62447
UGAv3-1408,8,no trimming,insert,rsq file,2385,9970
UGAv3-1409,8,no trimming,insert,rsq file,5877,13808
UGAv3-1415,8,no trimming,insert,rsq file,6115,14587
UGAv3-1422,8,no trimming,insert,rsq file,4299,9483
UGAv3-1423,8,no trimming,insert,rsq file,15608,35195
UGAv3-1426,8,no trimming,insert,rsq file,6835,18417
UGAv3-1429,8,no trimming,insert,rsq file,663446,667628
UGAv3-1430,8,no trimming,insert,rsq file,365355,403944
UGAv3-1432,8,no trimming,insert,rsq file,13258,22769
UGAv3-1450,8,no trimming,insert,rsq file,6988,10911
UGAv3-1451,8,no trimming,insert,rsq file,774,2947
UGAv3-1452,8,no trimming,insert,rsq file,1419,4110
UGAv3-1463,8,no trimming,insert,rsq file,61205,62626
UGAv3-1466,8,no trimming,insert,rsq file,1223936,1240287
UGAv3-1469,8,no trimming,insert,rsq file,10101,24132
UGAv3-1493,8,no trimming,insert,rsq file,6838,15171
UGAv3-1496,8,no trimming,insert,rsq file,17109,28257
UGAv3-1505,8,no trimming,insert,rsq file,4843,12167
UGAv3-1507,8,no trimming,insert,rsq file,15663,17626
UGAv3-1520,8,no trimming,insert,rsq file,3704,5218
UGAv3-1527,8,no trimming,insert,rsq file,3567,11440
UGAv3-1531,8,no trimming,insert,rsq file,1731,7613
UGAv3-1546,8,no trimming,insert,rsq file,4052,11161
UGAv3-1559,8,no trimming,insert,rsq file,10499,34760
UGAv3-1564,8,no trimming,insert,rsq file,8513,14922
UGAv3-1565,8,no trimming,insert,rsq file,1810170,1826600
UGAv3-1568,8,no trimming,insert,rsq file,4220,9349
UGAv3-1570,8,no trimming,insert,rsq file,367711,383399
UGAv3-1572,8,no trimming,insert,rsq file,5255,6189
UGAv3-1574,8,no trimming,insert,rsq file,51164,56481
UGAv3-1577,8,no trimming,insert,rsq file,43724,57126
UGAv3-1589,8,no trimming,insert,rsq file,29843,41590
UGAv3-1593,8,no trimming,insert,rsq file,8744,30170
UGAv3-1598,8,no trimming,insert,rsq file,6994,14641
UGAv3-1601,8,no trimming,insert,rsq file,17291,28704
UGAv3-1602,8,no trimming,insert,rsq file,2664,6007
UGAv3-1607,8,no trimming,insert,rsq file,13356,21461
UGAv3-1611,8,no trimming,insert,rsq file,1884,8958
UGAv3-1612,8,no trimming,insert,rsq file,959,6312
UGAv3-1617,8,no trimming,insert,rsq file,11915,18595
UGAv3-1618,8,no trimming,insert,rsq file,50498,61563
UGAv3-1621,8,no trimming,insert,rsq file,289218,296541
UGAv3-1633,8,no trimming,insert,rsq file,2314,7916
UGAv3-1637,8,no trimming,insert,rsq file,3067,5520
UGAv3-1650,8,no trimming,insert,rsq file,4699,16774
UGAv3-1652,8,no trimming,insert,rsq file,10342,29219
UGAv3-1653,8,no trimming,insert,rsq file,5521,24426
UGAv3-1665,8,no trimming,insert,rsq file,15021,26974
UGAv3-1668,8,no trimming,insert,rsq file,7720,22697
UGAv3-1682,8,no trimming,insert,rsq file,5874,13348
UGAv3-1687,8,no trimming,insert,rsq file,3931,23335
UGAv3-1689,8,no trimming,insert,rsq file,38783,59644
UGAv3-1695,8,no trimming,insert,rsq file,10653,20963
UGAv3-1697,8,no trimming,insert,rsq file,2561,21035
UGAv3-1701,8,no trimming,insert,rsq file,14027,19687
UGAv3-1710,8,no trimming,insert,rsq file,38601,53701
UGAv3-1711,8,no trimming,insert,rsq file,5578,13666
UGAv3-1713,8,no trimming,insert,rsq file,10476,13649
UGAv3-1714,8,no trimming,insert,rsq file,70143,78523
UGAv3-1716,8,no trimming,insert,rsq file,3535,6327
UGAv3-1719,8,no trimming,insert,rsq file,6282,7219
UGAv3-1720,8,no trimming,insert,rsq file,17036,18851
UGAv3-1725,8,no trimming,insert,rsq file,1967,7398
UGAv3-1730,8,no trimming,insert,rsq file,5402,8181
UGAv3-1732,8,no trimming,insert,rsq file,3822,10376
UGAv3-1735,8,no trimming,insert,rsq file,8001,15429
UGAv3-1741,8,no trimming,insert,rsq file,6599,8803
UGAv3-1756,8,no trimming,insert,rsq file,7835,19947
UGAv3-1757,8,no trimming,insert,rsq file,7228,20506
UGAv3-1764,8,no trimming,insert,rsq file,2597,3626
UGAv3-1771,8,no trimming,insert,rsq file,2515,7961
UGAv3-1773,8,no trimming,insert,rsq file,6164,15211
UGAv3-1774,8,no trimming,insert,rsq file,1037,3052
UGAv3-1776,8,no trimming,insert,rsq file,2034,10568
UGAv3-1778,8,no trimming,insert,rsq file,7534,29724
UGAv3-1798,8,no trimming,insert,rsq file,14346,15760
UGAv3-1799,8,no trimming,insert,rsq file,26970,28101
UGAv3-1801,8,no trimming,insert,rsq file,5536,7644
UGAv3-1803,8,no trimming,insert,rsq file,19112,35820
UGAv3-1806,8,no trimming,insert,rsq file,80830,128541
UGAv3-1809,8,no trimming,insert,rsq file,2220,12676
UGAv3-1814,8,no trimming,insert,rsq file,4710,26836
UGAv3-1816,8,no trimming,insert,rsq file,8249,26639
UGAv3-1817,8,no trimming,insert,rsq file,4906,19911
UGAv3-1819,8,no trimming,insert,rsq file,2813,9054
UGAv3-1826,8,no trimming,insert,rsq file,2681,6920
UGAv3-1830,8,no trimming,insert,rsq file,1549,5712
UGAv3-1839,8,no trimming,insert,rsq file,12346,13079
UGAv3-1840,8,no trimming,insert,rsq file,2611,11296
UGAv3-1845,8,no trimming,insert,rsq file,2382,6105
UGAv3-1850,8,no trimming,insert,rsq file,8134,16887
UGAv3-1851,8,no trimming,insert,rsq file,41918,43597
UGAv3-1865,8,no trimming,insert,rsq file,2120,3707
UGAv3-1869,8,no trimming,insert,rsq file,7366,10007
UGAv3-1875,8,no trimming,insert,rsq file,1045,2939
UGAv3-1876,8,no trimming,insert,rsq file,2211,4842
UGAv3-1879,8,no trimming,insert,rsq file,495,1760
UGAv3-1886,8,no trimming,insert,rsq file,807347,817647
UGAv3-1892,8,no trimming,insert,rsq file,5519,16950
UGAv3-1897,8,no trimming,insert,rsq file,33687,35420
UGAv3-1899,8,no trimming,insert,rsq file,340011,702212
UGAv3-1900,8,no trimming,insert,rsq file,4274,14859
UGAv3-1917,8,no trimming,insert,rsq file,1535,3296
UGAv3-1921,8,no trimming,insert,rsq file,9015,19668
UGAv3-1922,8,no trimming,insert,rsq file,90195,92803
UGAv3-1927,8,no trimming,insert,rsq file,112719,115485
UGAv3-1928,8,no trimming,insert,rsq file,22677,24832
UGAv3-1941,8,no trimming,insert,rsq file,544841,675238
UGAv3-1942,8,no trimming,insert,rsq file,747661,756253
UGAv3-1945,8,no trimming,insert,rsq file,12178,20213
UGAv3-1948,8,no trimming,insert,rsq file,20393,22723
UGAv3-1960,8,no trimming,insert,rsq file,23891,32513
UGAv3-1962,8,no trimming,insert,rsq file,26701,28771
UGAv3-1964,8,no trimming,insert,rsq file,101930,109156
UGAv3-1965,8,no trimming,insert,rsq file,12518,17769
UGAv3-1969,8,no trimming,insert,rsq file,193343,196218
UGAv3-1974,8,no trimming,insert,rsq file,3261,5229
UGAv3-1985,8,no trimming,insert,rsq file,30087,33371
UGAv3-1987,8,no trimming,insert,rsq file,59074,67261
UGAv3-1998,8,no trimming,insert,rsq file,29074,35772
UGAv3-2015,8,no trimming,insert,rsq file,3385,5882
UGAv3-2019,8,no trimming,insert,rsq file,31145,33348
UGAv3-2020,8,no trimming,insert,rsq file,1133,1553
UGAv3-2023,8,no trimming,insert,rsq file,198228,199768
UGAv3-2024,8,no trimming,insert,rsq file,5355,13123
UGAv3-2028,8,no trimming,insert,rsq file,46371,48889
UGAv3-2036,8,no trimming,insert,rsq file,43324,45008
UGAv3-2042,8,no trimming,insert,rsq file,1685,4884
UGAv3-2043,8,no trimming,insert,rsq file,45058,49816
UGAv3-2045,8,no trimming,insert,rsq file,590,1207
UGAv3-2059,8,no trimming,insert,rsq file,7165,8481
UGAv3-2061,8,no trimming,insert,rsq file,4389,10558
UGAv3-2073,8,no trimming,insert,rsq file,10592,11115
UGAv3-461,8,no trimming,insert,rsq file,15056,18208
UGAv3-462,8,no trimming,insert,rsq file,6774,11566
UGAv3-463,8,no trimming,insert,rsq file,1223,6431
UGAv3-464,8,no trimming,insert,rsq file,10880,43055
UGAv3-465,8,no trimming,insert,rsq file,2269,4636
UGAv3-466,8,no trimming,insert,rsq file,2280,4939
UGAv3-467,8,no trimming,insert,rsq file,1536,2499
UGAv3-468,8,no trimming,insert,rsq file,37556,40730
UGAv3-60,8,no trimming,insert,rsq file,19617,22835
UGAv3-684,8,no trimming,insert,rsq file,106482,109780
UGAv3-685,8,no trimming,insert,rsq file,14113,16761
UGAv3-686,8,no trimming,insert,rsq file,13236,20377
UGAv3-687,8,no trimming,insert,rsq file,3637,11853
UGAv3-688,8,no trimming,insert,rsq file,3179,6000
UGAv3-689,8,no trimming,insert,rsq file,431291,435476
UGAv3-690,8,no trimming,insert,rsq file,139947,153812
UGAv3-691,8,no trimming,insert,rsq file,49334,55520
UGAv3-897,8,no trimming,insert,rsq file,21752,37355
UGAv3-899,8,no trimming,insert,rsq file,65422,69124
UGAv3-900,8,no trimming,insert,rsq file,5785,15598
UGAv3-901,8,no trimming,insert,rsq file,1558,3220
UGAv3-902,8,no trimming,insert,rsq file,17357,27908
UGAv3-903,8,no trimming,insert,rsq file,39516,44248
UGAv3-904,8,no trimming,insert,rsq file,31722,35964
UGAv3-905,8,no trimming,insert,rsq file,2544,7347
UGAv3-915,8,no trimming,insert,rsq file,14615,35185
UGAv3-916,8,no trimming,insert,rsq file,16265,17058
UGAv3-917,8,no trimming,insert,rsq file,1064,3451
UGAv3-918,8,no trimming,insert,rsq file,1949,6680
UGAv3-919,8,no trimming,insert,rsq file,29651,36204
UGAv3-920,8,no trimming,insert,rsq file,179099,192602
UGAv3-921,8,no trimming,insert,rsq file,50318,56747
UGAv3-922,8,no trimming,insert,rsq file,320332,323534
UGAv3-923,8,no trimming,insert,rsq file,9882,19540
UGAv3-924,8,no trimming,insert,rsq file,1318,4557
UGAv3-925,8,no trimming,insert,rsq file,810,4215
UGAv3-926,8,no trimming,insert,rsq file,1896,3040
UGAv3-927,8,no trimming,insert,rsq file,1363,6832
UGAv3-928,8,no trimming,insert,rsq file,3360,6704
UGAv3-929,8,no trimming,insert,rsq file,2545,6835
UGAv3-930,8,no trimming,insert,rsq file,994,1516
UGAv3-931,8,no trimming,insert,rsq file,1834,8402
UGAv3-932,8,no trimming,insert,rsq file,1229,3882
UGAv3-933,8,no trimming,insert,rsq file,3230,5548
UGAv3-934,8,no trimming,insert,rsq file,36161,41681
UGAv3-935,8,no trimming,insert,rsq file,2858,13547
UGAv3-936,8,no trimming,insert,rsq file,36815,39991
UGAv3-937,8,no trimming,insert,rsq file,3075,4558
UGAv3-938,8,no trimming,insert,rsq file,130670,146694
UGAv3-939,8,no trimming,insert,rsq file,5357,23081
UGAv3-940,8,no trimming,insert,rsq file,19814,40075
UGAv3-941,8,no trimming,insert,rsq file,7509,10092
UGAv3-942,8,no trimming,insert,rsq file,2363,6719
UGAv3-943,8,no trimming,insert,rsq file,6428,15265
UGAv3-944,8,no trimming,insert,rsq file,803635,805835
UGAv3-945,8,no trimming,insert,rsq file,6191,25487
UGAv3-946,8,no trimming,insert,rsq file,4028,8696
UGAv3-947,8,no trimming,insert,rsq file,11394,15878
UGAv3-948,8,no trimming,insert,rsq file,30705,35081
UGAv3-950,8,no trimming,insert,rsq file,5490,6851
UGAv3-951,8,no trimming,insert,rsq file,5744,10550
UGAv3-952,8,no trimming,insert,rsq file,238173,263591
UGAv3-954,8,no trimming,insert,rsq file,1707,4797
UGAv3-955,8,no trimming,insert,rsq file,70125,84159
UGAv3-956,8,no trimming,insert,rsq file,1684,5843
UGAv3-957,8,no trimming,insert,rsq file,2393,5992
UGAv3-958,8,no trimming,insert,rsq file,14780,20698
UGAv3-959,8,no trimming,insert,rsq file,340322,350527
UGAv3-960,8,no trimming,insert,rsq file,971,3299
UGAv3-961,8,no trimming,insert,rsq file,85385,93796
UGAv3-962,8,no trimming,insert,rsq file,7345,15051
UGAv3-963,8,no trimming,insert,rsq file,26003,39848
UGAv3-964,8,no trimming,insert,rsq file,1844525,1887429
UGAv3-965,8,no trimming,insert,rsq file,24121,28748
UGAv3-966,8,no trimming,insert,rsq file,11248,22183
UGAv3-967,8,no trimming,insert,rsq file,592,3170
UGAv3-968,8,no trimming,insert,rsq file,5864,9733
UGAv3-969,8,no trimming,insert,rsq file,326332,347151
UGAv3-970,8,no trimming,insert,rsq file,39488,41947
UGAv3-971,8,no trimming,insert,rsq file,17183,31923
UGAv3-973,8,no trimming,insert,rsq file,18259,19755
UGAv3-974,8,no trimming,insert,rsq file,3240,11580
UGAv3-975,8,no trimming,insert,rsq file,19118,22741
UGAv3-977,8,no trimming,insert,rsq file,38932,42354
UGAv3-978,8,no trimming,insert,rsq file,27803,30509
UGAv3-979,8,no trimming,insert,rsq file,3834,13379
UGAv3-980,8,no trimming,insert,rsq file,2207,6647
UGAv3-981,8,no trimming,insert,rsq file,107317,113632
UGAv3-982,8,no trimming,insert,rsq file,87926,91628
UGAv3-983,8,no trimming,insert,rsq file,22018,59429
UGAv3-985,8,no trimming,insert,rsq file,1889,6683
UGAv3-986,8,no trimming,insert,rsq file,1611,4289
UGAv3-987,8,no trimming,insert,rsq file,4485,7991
UGAv3-989,8,no trimming,insert,rsq file,14773,20551
UGAv3-990,8,no trimming,insert,rsq file,4539,7305
UGAv3-991,8,no trimming,insert,rsq file,46343,49803
UGAv3-993,8,no trimming,insert,rsq file,5967,8050
UGAv3-995,8,no trimming,insert,rsq file,1475,5926
UGAv3-997,8,no trimming,insert,rsq file,2377,3440
UGAv3-998,8,no trimming,insert,rsq file,4718,6088
UGAv3-999,8,no trimming,insert,rsq file,3329,7169
UNKN,8,no trimming,insert,rsq file,388099835,543746248
Z0001,8,10x V3 5p,start,rsq file,505570269,2776578916
Z0001,103,10x V3 5p,Illumina R1 adapter,no match,262506,2776578916
Z0001,201,10x V3 5p,CBC,sequence was too short,9268,2776578916
Z0001,203,10x V3 5p,CBC,no match,250347483,2776578916
Z0001,207,10x V3 5p,CBC,ambiguous match,5077546,2776578916
Z0001,301,10x V3 5p,UMI,sequence was too short,15163892,2776578916
Z0001,302,10x V3 5p,UMI,sequence was too long,38274220,2776578916
Z0001,303,10x V3 5p,UMI,no match,972,2776578916
Z0001,403,10x V3 5p,TSO,no match,89089449,2776578916
Z0001,501,10x V3 5p,low quality bases,sequence was too short,422,2776578916
Z0001,601,10x V3 5p,insert,sequence was too short,921668,2776578916
Z0002,8,10x V3 5p,start,rsq file,602526754,3190586372
Z0002,103,10x V3 5p,Illumina R1 adapter,no match,354512,3190586372
Z0002,201,10x V3 5p,CBC,sequence was too short,10604,3190586372
Z0002,203,10x V3 5p,CBC,no match,288560335,3190586372
Z0002,207,10x V3 5p,CBC,ambiguous match,6005164,3190586372
Z0002,301,10x V3 5p,UMI,sequence was too short,17673857,3190586372
Z0002,302,10x V3 5p,UMI,sequence was too long,43349547,3190586372
Z0002,303,10x V3 5p,UMI,no match,1194,3190586372
Z0002,403,10x V3 5p,TSO,no match,104876938,3190586372
Z0002,501,10x V3 5p,low quality bases,sequence was too short,474,3190586372
Z0002,601,10x V3 5p,insert,sequence was too short,970725,3190586372
Z0003,8,10x V3 5p,start,rsq file,508416975,2693956021
Z0003,103,10x V3 5p,Illumina R1 adapter,no match,269221,2693956021
Z0003,201,10x V3 5p,CBC,sequence was too short,8570,2693956021
Z0003,203,10x V3 5p,CBC,no match,240808705,2693956021
Z0003,207,10x V3 5p,CBC,ambiguous match,4810346,2693956021
Z0003,301,10x V3 5p,UMI,sequence was too short,14657138,2693956021
Z0003,302,10x V3 5p,UMI,sequence was too long,36605108,2693956021
Z0003,303,10x V3 5p,UMI,no match,983,2693956021
Z0003,403,10x V3 5p,TSO,no match,85070842,2693956021
Z0003,501,10x V3 5p,low quality bases,sequence was too short,436,2693956021
Z0003,601,10x V3 5p,insert,sequence was too short,816871,2693956021
Z0004,8,10x V3 5p,start,rsq file,349434837,1879601441
Z0004,103,10x V3 5p,Illumina R1 adapter,no match,167824,1879601441
Z0004,201,10x V3 5p,CBC,sequence was too short,6335,1879601441
Z0004,203,10x V3 5p,CBC,no match,177346724,1879601441
Z0004,207,10x V3 5p,CBC,ambiguous match,3765959,1879601441
Z0004,301,10x V3 5p,UMI,sequence was too short,10336869,1879601441
Z0004,302,10x V3 5p,UMI,sequence was too long,25550742,1879601441
Z0004,303,10x V3 5p,UMI,no match,690,1879601441
Z0004,403,10x V3 5p,TSO,no match,62335964,1879601441
Z0004,501,10x V3 5p,low quality bases,sequence was too short,267,1879601441
Z0004,601,10x V3 5p,insert,sequence was too short,602388,1879601441
Z0005,8,10x-V3-5p-CRISPR,start,rsq file,25486754,232892193
Z0005,103,10x-V3-5p-CRISPR,Illumina R1 adapter,no match,45242,232892193
Z0005,201,10x-V3-5p-CRISPR,CBC,sequence was too short,955,232892193
Z0005,203,10x-V3-5p-CRISPR,CBC,no match,4504700,232892193
Z0005,207,10x-V3-5p-CRISPR,CBC,ambiguous match,236825,232892193
Z0005,301,10x-V3-5p-CRISPR,UMI,sequence was too short,946936,232892193
Z0005,302,10x-V3-5p-CRISPR,UMI,sequence was too long,5085830,232892193
Z0005,303,10x-V3-5p-CRISPR,UMI,no match,39,232892193
Z0005,403,10x-V3-5p-CRISPR,TSO,no match,581165,232892193
Z0005,501,10x-V3-5p-CRISPR,insert,sequence was too short,908,232892193
Z0006,8,10x-V3-5p-CRISPR,start,rsq file,19002615,175820756
Z0006,103,10x-V3-5p-CRISPR,Illumina R1 adapter,no match,40098,175820756
Z0006,201,10x-V3-5p-CRISPR,CBC,sequence was too short,666,175820756
Z0006,203,10x-V3-5p-CRISPR,CBC,no match,3389163,175820756
Z0006,207,10x-V3-5p-CRISPR,CBC,ambiguous match,171984,175820756
Z0006,301,10x-V3-5p-CRISPR,UMI,sequence was too short,677155,175820756
Z0006,302,10x-V3-5p-CRISPR,UMI,sequence was too long,3940957,175820756
Z0006,303,10x-V3-5p-CRISPR,UMI,no match,34,175820756
Z0006,403,10x-V3-5p-CRISPR,TSO,no match,464683,175820756
Z0006,501,10x-V3-5p-CRISPR,insert,sequence was too short,609,175820756
Z0007,8,10x-V3-5p-CRISPR,start,rsq file,13074821,126154697
Z0007,103,10x-V3-5p-CRISPR,Illumina R1 adapter,no match,16591,126154697
Z0007,201,10x-V3-5p-CRISPR,CBC,sequence was too short,556,126154697
Z0007,203,10x-V3-5p-CRISPR,CBC,no match,2383343,126154697
Z0007,207,10x-V3-5p-CRISPR,CBC,ambiguous match,118641,126154697
Z0007,301,10x-V3-5p-CRISPR,UMI,sequence was too short,450767,126154697
Z0007,302,10x-V3-5p-CRISPR,UMI,sequence was too long,2701524,126154697
Z0007,303,10x-V3-5p-CRISPR,UMI,no match,20,126154697
Z0007,403,10x-V3-5p-CRISPR,TSO,no match,272867,126154697
Z0007,501,10x-V3-5p-CRISPR,insert,sequence was too short,535,126154697
Z0008,8,10x-V3-5p-CRISPR,start,rsq file,11240956,124319983
Z0008,103,10x-V3-5p-CRISPR,Illumina R1 adapter,no match,14076,124319983
Z0008,201,10x-V3-5p-CRISPR,CBC,sequence was too short,548,124319983
Z0008,203,10x-V3-5p-CRISPR,CBC,no match,2442683,124319983
Z0008,207,10x-V3-5p-CRISPR,CBC,ambiguous match,136960,124319983
Z0008,301,10x-V3-5p-CRISPR,UMI,sequence was too short,483151,124319983
Z0008,302,10x-V3-5p-CRISPR,UMI,sequence was too long,2747453,124319983
Z0008,303,10x-V3-5p-CRISPR,UMI,no match,18,124319983
Z0008,403,10x-V3-5p-CRISPR,TSO,no match,252258,124319983
Z0008,501,10x-V3-5p-CRISPR,insert,sequence was too short,493,124319983
Z0009,8,no trimming,insert,rsq file,3618,9834
Z0010,8,no trimming,insert,rsq file,7603,15354
Z0011,8,no trimming,insert,rsq file,5557,12107
Z0012,8,no trimming,insert,rsq file,11795,16755
Z0013,8,no trimming,insert,rsq file,175831,193221
Z0014,8,no trimming,insert,rsq file,3085,4335
Z0015,8,no trimming,insert,rsq file,61964,89551
Z0016,8,no trimming,insert,rsq file,21638,56246
Z0017,8,no trimming,insert,rsq file,1584,5566
Z0018,8,no trimming,insert,rsq file,28634,74148
Z0019,8,no trimming,insert,rsq file,21441,60426
Z0020,8,no trimming,insert,rsq file,14409,24278
Z0021,8,no trimming,insert,rsq file,17861,59989
Z0022,8,no trimming,insert,rsq file,5971,12619
Z0023,8,no trimming,insert,rsq file,7882,31055
Z0024,8,no trimming,insert,rsq file,12093,26383
Z0025,8,no trimming,insert,rsq file,9633,16270
Z0026,8,no trimming,insert,rsq file,19851,29783
Z0027,8,no trimming,insert,rsq file,5294,15856
Z0028,8,no trimming,insert,rsq file,10219,15653
Z0029,8,no trimming,insert,rsq file,9300,23811
Z0030,8,no trimming,insert,rsq file,26091,37855
Z0031,8,no trimming,insert,rsq file,70184,72454
Z0032,8,no trimming,insert,rsq file,40524,52959
Z0033,8,no trimming,insert,rsq file,25185,32306
Z0034,8,no trimming,insert,rsq file,150162,157222
Z0035,8,no trimming,insert,rsq file,10875,17346
Z0036,8,no trimming,insert,rsq file,2466,5838
Z0037,8,no trimming,insert,rsq file,1061,3628
Z0038,8,no trimming,insert,rsq file,1430,4294
Z0039,8,no trimming,insert,rsq file,8269,18691
Z0040,8,no trimming,insert,rsq file,2014,3582
Z0041,8,no trimming,insert,rsq file,76421,80976
Z0042,8,no trimming,insert,rsq file,1044,1848
Z0043,8,no trimming,insert,rsq file,636,1869
Z0044,8,no trimming,insert,rsq file,15237,22306
Z0045,8,no trimming,insert,rsq file,5231,12038
Z0046,8,no trimming,insert,rsq file,29094,30074
Z0047,8,no trimming,insert,rsq file,6079,11791
Z0048,8,no trimming,insert,rsq file,9501,27660
Z0049,8,no trimming,insert,rsq file,2702,6483
Z0050,8,no trimming,insert,rsq file,16247,18904
Z0051,8,no trimming,insert,rsq file,43777,57480
Z0052,8,no trimming,insert,rsq file,3038,5537
Z0053,8,no trimming,insert,rsq file,129724,134357
Z0054,8,no trimming,insert,rsq file,7417,14053
Z0055,8,no trimming,insert,rsq file,4752,7240
Z0056,8,no trimming,insert,rsq file,3692,14609
Z0057,8,no trimming,insert,rsq file,7566,9007
Z0058,8,no trimming,insert,rsq file,2228750,2232595
Z0059,8,no trimming,insert,rsq file,71231,73258
Z0060,8,no trimming,insert,rsq file,6696,9699
Z0061,8,no trimming,insert,rsq file,7318,13114
Z0062,8,no trimming,insert,rsq file,11591,21257
Z0063,8,no trimming,insert,rsq file,78830,85715
Z0064,8,no trimming,insert,rsq file,40665,50536
Z0065,8,no trimming,insert,rsq file,277091,290957
Z0066,8,no trimming,insert,rsq file,1006,3788
Z0067,8,no trimming,insert,rsq file,1809,6260
Z0068,8,no trimming,insert,rsq file,7203,10821
Z0069,8,no trimming,insert,rsq file,3230,9950
Z0070,8,no trimming,insert,rsq file,106365,108966
Z0071,8,no trimming,insert,rsq file,89584,94454
Z0072,8,no trimming,insert,rsq file,11731,36004
Z0073,8,no trimming,insert,rsq file,3479,5432
Z0074,8,no trimming,insert,rsq file,2008,5697
Z0075,8,no trimming,insert,rsq file,8191,11910
Z0076,8,no trimming,insert,rsq file,1233,3730
Z0077,8,no trimming,insert,rsq file,4505,17899
Z0078,8,no trimming,insert,rsq file,6437,10330
Z0079,8,no trimming,insert,rsq file,1506,4992
Z0080,8,no trimming,insert,rsq file,3685,9485
Z0081,8,no trimming,insert,rsq file,9029,23537
Z0082,8,no trimming,insert,rsq file,275430,279772
Z0083,8,no trimming,insert,rsq file,115173,126020
Z0084,8,no trimming,insert,rsq file,88528,93371
Z0085,8,no trimming,insert,rsq file,8756,24397
Z0086,8,no trimming,insert,rsq file,4542,12429
Z0087,8,no trimming,insert,rsq file,7143,11493
Z0088,8,no trimming,insert,rsq file,5456,25008
Z0089,8,no trimming,insert,rsq file,16466,29390
Z0090,8,no trimming,insert,rsq file,1501,7017
Z0091,8,no trimming,insert,rsq file,2143,5771
Z0092,8,no trimming,insert,rsq file,3396,11711
Z0093,8,no trimming,insert,rsq file,320028,332083
Z0094,8,no trimming,insert,rsq file,44560,52610
Z0095,8,no trimming,insert,rsq file,5615,18495
Z0096,8,no trimming,insert,rsq file,1721,7425
Z0097,8,no trimming,insert,rsq file,84807,97759
Z0098,8,no trimming,insert,rsq file,4504,16488
Z0099,8,no trimming,insert,rsq file,941,2340
Z0100,8,no trimming,insert,rsq file,9655,14714
Z0101,8,no trimming,insert,rsq file,6670,9532
Z0102,8,no trimming,insert,rsq file,7712,18122
Z0103,8,no trimming,insert,rsq file,14151,33050
Z0104,8,no trimming,insert,rsq file,1297,2060
Z0105,8,no trimming,insert,rsq file,15444,17239
Z0106,8,no trimming,insert,rsq file,20690,37845
Z0107,8,no trimming,insert,rsq file,3056,7575
Z0108,8,no trimming,insert,rsq file,5182,6252
Z0109,8,no trimming,insert,rsq file,2816,7777
Z0110,8,no trimming,insert,rsq file,1093,4331
Z0111,8,no trimming,insert,rsq file,5761,25701
Z0112,8,no trimming,insert,rsq file,3512,5783
Z0113,8,no trimming,insert,rsq file,8481,21543
Z0114,8,no trimming,insert,rsq file,17017,29268
Z0115,8,no trimming,insert,rsq file,56231,61706
Z0116,8,no trimming,insert,rsq file,6935,19772
Z0117,8,no trimming,insert,rsq file,6726,8678
Z0118,8,no trimming,insert,rsq file,121924,125772
Z0119,8,no trimming,insert,rsq file,9709,16538
Z0120,8,no trimming,insert,rsq file,241246,244106
Z0121,8,no trimming,insert,rsq file,80888,83602
Z0122,8,no trimming,insert,rsq file,10396,14984
Z0123,8,no trimming,insert,rsq file,10230,14141
Z0124,8,no trimming,insert,rsq file,4214,8301
Z0125,8,no trimming,insert,rsq file,65458,89955
Z0126,8,no trimming,insert,rsq file,14833,21904
Z0127,8,no trimming,insert,rsq file,820,3987
Z0128,8,no trimming,insert,rsq file,157730,162373
Z0129,8,no trimming,insert,rsq file,30041,33286
Z0130,8,no trimming,insert,rsq file,1143,5738
Z0131,8,no trimming,insert,rsq file,1101,1938
Z0132,8,no trimming,insert,rsq file,1972,11325
Z0133,8,no trimming,insert,rsq file,3515,15473
Z0134,8,no trimming,insert,rsq file,5182,17087
Z0135,8,no trimming,insert,rsq file,547,1550
Z0136,8,no trimming,insert,rsq file,4556,16614
Z0137,8,no trimming,insert,rsq file,6161,12915
Z0138,8,no trimming,insert,rsq file,12859,17165
Z0139,8,no trimming,insert,rsq file,78370,84078
Z0140,8,no trimming,insert,rsq file,17821,22633
Z0141,8,no trimming,insert,rsq file,674318,688102
Z0142,8,no trimming,insert,rsq file,16220,19168
Z0143,8,no trimming,insert,rsq file,8535,13453
Z0144,8,no trimming,insert,rsq file,57075,61049
Z0145,8,no trimming,insert,rsq file,45577,48549
Z0146,8,no trimming,insert,rsq file,17609,19720
Z0147,8,no trimming,insert,rsq file,1462,2249
Z0148,8,no trimming,insert,rsq file,5571,8896
Z0149,8,no trimming,insert,rsq file,4130,9022
Z0150,8,no trimming,insert,rsq file,1537,2072
Z0151,8,no trimming,insert,rsq file,47192,56246
Z0152,8,no trimming,insert,rsq file,135304,143859
Z0153,8,no trimming,insert,rsq file,13505,57774
Z0154,8,no trimming,insert,rsq file,2549,7934
Z0155,8,no trimming,insert,rsq file,8949,23712
Z0156,8,no trimming,insert,rsq file,6928,16855
Z0157,8,no trimming,insert,rsq file,44432,46920
Z0158,8,no trimming,insert,rsq file,2404,7230
Z0159,8,no trimming,insert,rsq file,382,902
Z0160,8,no trimming,insert,rsq file,102467,119484
Z0161,8,no trimming,insert,rsq file,7216,13758
Z0162,8,no trimming,insert,rsq file,4626,18378
Z0163,8,no trimming,insert,rsq file,6606,17156
Z0164,8,no trimming,insert,rsq file,992792,1000272
Z0165,8,no trimming,insert,rsq file,2605,6141
Z0166,8,no trimming,insert,rsq file,10578,19260
Z0167,8,no trimming,insert,rsq file,17532,21892
Z0168,8,no trimming,insert,rsq file,12621,25761
Z0169,8,no trimming,insert,rsq file,134983,138254
Z0170,8,no trimming,insert,rsq file,7545,22257
Z0171,8,no trimming,insert,rsq file,18484,22264
Z0172,8,no trimming,insert,rsq file,13730,41101
Z0173,8,no trimming,insert,rsq file,12753,18321
Z0174,8,no trimming,insert,rsq file,3213,8625
Z0175,8,no trimming,insert,rsq file,6047,9718
Z0176,8,no trimming,insert,rsq file,3652,18790
Z0177,8,no trimming,insert,rsq file,17388,19250
Z0178,8,no trimming,insert,rsq file,95799,103753
Z0179,8,no trimming,insert,rsq file,1190,5387
Z0180,8,no trimming,insert,rsq file,881,2833
Z0181,8,no trimming,insert,rsq file,13734,29277
Z0182,8,no trimming,insert,rsq file,5207,8203
Z0183,8,no trimming,insert,rsq file,14069,18506
Z0184,8,no trimming,insert,rsq file,6968,16125
Z0185,8,no trimming,insert,rsq file,424629,431271
Z0186,8,no trimming,insert,rsq file,7200,14585
Z0187,8,no trimming,insert,rsq file,9565,27590
Z0188,8,no trimming,insert,rsq file,1689499,1708327
Z0189,8,no trimming,insert,rsq file,27881,43237
Z0190,8,no trimming,insert,rsq file,3370,6950
Z0191,8,no trimming,insert,rsq file,53641,65647
Z0192,8,no trimming,insert,rsq file,610035,624583
Z0193,8,no trimming,insert,rsq file,1703,10871
Z0194,8,no trimming,insert,rsq file,13528,39740
Z0195,8,no trimming,insert,rsq file,27817,30610
Z0196,8,no trimming,insert,rsq file,27392,31276
Z0197,8,no trimming,insert,rsq file,5938,9773
Z0198,8,no trimming,insert,rsq file,1858,5806
Z0199,8,no trimming,insert,rsq file,23037,39322
Z0200,8,no trimming,insert,rsq file,9045,13329
Z0201,8,no trimming,insert,rsq file,93787,94438
Z0202,8,no trimming,insert,rsq file,1678,6043
Z0203,8,no trimming,insert,rsq file,1658,4409
Z0204,8,no trimming,insert,rsq file,10779,11497
Z0205,8,no trimming,insert,rsq file,8298,23378
Z0206,8,no trimming,insert,rsq file,12561,17663
Z0207,8,no trimming,insert,rsq file,1374,4694
Z0208,8,no trimming,insert,rsq file,7166,10531
Z0209,8,no trimming,insert,rsq file,2202,5389
Z0210,8,no trimming,insert,rsq file,45519,48363
Z0211,8,no trimming,insert,rsq file,1225,6026
Z0212,8,no trimming,insert,rsq file,1842,6158
Z0213,8,no trimming,insert,rsq file,109173,114124
Z0214,8,no trimming,insert,rsq file,6155,8918
Z0215,8,no trimming,insert,rsq file,3061,4133
Z0216,8,no trimming,insert,rsq file,3346,4976
Z0217,8,no trimming,insert,rsq file,1362,5829
Z0218,8,no trimming,insert,rsq file,28945,42093
Z0219,8,no trimming,insert,rsq file,2133,5758
Z0220,8,no trimming,insert,rsq file,679,2917
Z0221,8,no trimming,insert,rsq file,213748,216849
Z0222,8,no trimming,insert,rsq file,23686,34090
Z0223,8,no trimming,insert,rsq file,2811,8507
Z0224,8,no trimming,insert,rsq file,1143492,1151106
Z0225,8,no trimming,insert,rsq file,55453,58816
Z0226,8,no trimming,insert,rsq file,5835,6950
Z0227,8,no trimming,insert,rsq file,12485,18242
Z0228,8,no trimming,insert,rsq file,5451,6603
Z0229,8,no trimming,insert,rsq file,2491,3867
Z0230,8,no trimming,insert,rsq file,23524,41159
Z0231,8,no trimming,insert,rsq file,1845,7600
Z0232,8,no trimming,insert,rsq file,8923,11218
Z0233,8,no trimming,insert,rsq file,824265,1758244
Z0234,8,no trimming,insert,rsq file,10772,14886
Z0235,8,no trimming,insert,rsq file,79691,86248
Z0236,8,no trimming,insert,rsq file,3024,12224
Z0237,8,no trimming,insert,rsq file,11466,25308
Z0238,8,no trimming,insert,rsq file,51395,55422
Z0239,8,no trimming,insert,rsq file,3356,4267
Z0240,8,no trimming,insert,rsq file,34812,50815
Z0241,8,no trimming,insert,rsq file,3645,6761
Z0242,8,no trimming,insert,rsq file,14154,18473
Z0243,8,no trimming,insert,rsq file,2237,4826
Z0244,8,no trimming,insert,rsq file,2354,9031
Z0245,8,no trimming,insert,rsq file,879,2043
Z0246,8,no trimming,insert,rsq file,1356,4396
Z0247,8,no trimming,insert,rsq file,40809,54706
Z0248,8,no trimming,insert,rsq file,35843,46950
Z0249,8,no trimming,insert,rsq file,17695,33540
Z0250,8,no trimming,insert,rsq file,932,1857
Z0251,8,no trimming,insert,rsq file,19378,31493
Z0252,8,no trimming,insert,rsq file,159039,161766
Z0253,8,no trimming,insert,rsq file,1059,3537
Z0254,8,no trimming,insert,rsq file,17560,36719
Z0255,8,no trimming,insert,rsq file,19465,25168
Z0256,8,no trimming,insert,rsq file,107369,112825
Z0257,8,no trimming,insert,rsq file,66087,82138
Z0258,8,no trimming,insert,rsq file,3363,14815
Z0259,8,no trimming,insert,rsq file,150669,162743
Z0260,8,no trimming,insert,rsq file,5973,16188
Z0261,8,no trimming,insert,rsq file,175584,203793
Z0262,8,no trimming,insert,rsq file,3000,19113
Z0263,8,no trimming,insert,rsq file,3404,4285
Z0264,8,no trimming,insert,rsq file,1247,4925
Z0265,8,no trimming,insert,rsq file,7310,9654
Z0266,8,no trimming,insert,rsq file,645,2874
Z0267,8,no trimming,insert,rsq file,7547136,7637456
Z0268,8,no trimming,insert,rsq file,4164,5029
Z0269,8,no trimming,insert,rsq file,1189,5208
Z0270,8,no trimming,insert,rsq file,19866,22705
Z0271,8,no trimming,insert,rsq file,2423,3575
Z0272,8,no trimming,insert,rsq file,4124,9708
Z0273,8,no trimming,insert,rsq file,4338,7690
Z0274,8,no trimming,insert,rsq file,18846,21997
Z0275,8,no trimming,insert,rsq file,39638,55440
Z0276,8,no trimming,insert,rsq file,17451,30051
Z0277,8,no trimming,insert,rsq file,2461,4637
Z0278,8,no trimming,insert,rsq file,4376,17163
Z0279,8,no trimming,insert,rsq file,2833,11390
Z0280,8,no trimming,insert,rsq file,455,2386
Z0281,8,no trimming,insert,rsq file,25780,28560
Z0282,8,no trimming,insert,rsq file,4407,11194
Z0283,8,no trimming,insert,rsq file,38611,42655
Z0284,8,no trimming,insert,rsq file,1154,3058
Z0285,8,no trimming,insert,rsq file,41541,43939
Z0286,8,no trimming,insert,rsq file,115497,135352
Z0287,8,no trimming,insert,rsq file,23993,28057
Z0288,8,no trimming,insert,rsq file,3981,7648
Z0289,8,no trimming,insert,rsq file,12009,13214
Z0290,8,no trimming,insert,rsq file,5741,9205
Z0291,8,no trimming,insert,rsq file,48469,65836
Z0292,8,no trimming,insert,rsq file,597,1423
Z0293,8,no trimming,insert,rsq file,13965,20166
Z0294,8,no trimming,insert,rsq file,911,3775
Z0295,8,no trimming,insert,rsq file,53655,58748
Z0296,8,no trimming,insert,rsq file,2614,6246
Z0297,8,no trimming,insert,rsq file,1665,6197
Z0298,8,no trimming,insert,rsq file,4646,17308
Z0299,8,no trimming,insert,rsq file,68151,72381
Z0300,8,no trimming,insert,rsq file,6416,19805
Z0301,8,no trimming,insert,rsq file,10780,35226
Z0302,8,no trimming,insert,rsq file,47458,59801
Z0303,8,no trimming,insert,rsq file,3058,6826
Z0304,8,no trimming,insert,rsq file,7603,18546
Z0305,8,no trimming,insert,rsq file,495363,1612869
Z0306,8,no trimming,insert,rsq file,3285,17823
Z0307,8,no trimming,insert,rsq file,7807,31225
Z0308,8,no trimming,insert,rsq file,2134,6182
Z0309,8,no trimming,insert,rsq file,24139,30181
Z0310,8,no trimming,insert,rsq file,7445,24226
Z0311,8,no trimming,insert,rsq file,116395,121664
Z0312,8,no trimming,insert,rsq file,7512,22289
Z0313,8,no trimming,insert,rsq file,60006,73925
Z0314,8,no trimming,insert,rsq file,21238,23455
Z0315,8,no trimming,insert,rsq file,1010,3572
Z0316,8,no trimming,insert,rsq file,11832,14712
Z0317,8,no trimming,insert,rsq file,45299,47510
Z0318,8,no trimming,insert,rsq file,7265,20614
Z0319,8,no trimming,insert,rsq file,50630,54371
Z0320,8,no trimming,insert,rsq file,6920,9958
Z0321,8,no trimming,insert,rsq file,6360,17721
Z0322,8,no trimming,insert,rsq file,8945,24128
Z0323,8,no trimming,insert,rsq file,77608,80968
Z0324,8,no trimming,insert,rsq file,19025,34207
Z0325,8,no trimming,insert,rsq file,252744,257861
Z0326,8,no trimming,insert,rsq file,3819,10624
Z0327,8,no trimming,insert,rsq file,5843,14957
Z0328,8,no trimming,insert,rsq file,4630,16597
Z0329,8,no trimming,insert,rsq file,1070412,1084104
Z0330,8,no trimming,insert,rsq file,11725,15781
Z0331,8,no trimming,insert,rsq file,3418,6246
Z0332,8,no trimming,insert,rsq file,2366,4785
Z0333,8,no trimming,insert,rsq file,25887,51634
Z0334,8,no trimming,insert,rsq file,10129,13914
Z0335,8,no trimming,insert,rsq file,2045,7335
Z0336,8,no trimming,insert,rsq file,4639,13676
Z0337,8,no trimming,insert,rsq file,1041,2419
Z0338,8,no trimming,insert,rsq file,38005,43862
Z0339,8,no trimming,insert,rsq file,8705,19658
Z0340,8,no trimming,insert,rsq file,30700,41766
Z0341,8,no trimming,insert,rsq file,1459,7287
Z0342,8,no trimming,insert,rsq file,5264,6264
Z0343,8,no trimming,insert,rsq file,5082497,5085659
Z0344,8,no trimming,insert,rsq file,5031,18583
Z0345,8,no trimming,insert,rsq file,2624,10635
Z0346,8,no trimming,insert,rsq file,1003,2004
Z0347,8,no trimming,insert,rsq file,23523,27173
Z0348,8,no trimming,insert,rsq file,9593,12412
Z0349,8,no trimming,insert,rsq file,9404,32203
Z0350,8,no trimming,insert,rsq file,6484,24127
Z0351,8,no trimming,insert,rsq file,18957,22074
Z0352,8,no trimming,insert,rsq file,2218,4982
Z0353,8,no trimming,insert,rsq file,12883,17064
Z0354,8,no trimming,insert,rsq file,30679,45885
Z0355,8,no trimming,insert,rsq file,12241,22577
Z0356,8,no trimming,insert,rsq file,65212,80552
Z0357,8,no trimming,insert,rsq file,1700,3800
Z0358,8,no trimming,insert,rsq file,3130,6207
Z0359,8,no trimming,insert,rsq file,29082,29838
Z0360,8,no trimming,insert,rsq file,2989,4937
Z0361,8,no trimming,insert,rsq file,61590,65170
Z0362,8,no trimming,insert,rsq file,3141,6488
Z0363,8,no trimming,insert,rsq file,1426,4041
Z0364,8,no trimming,insert,rsq file,1025,4009
Z0365,8,no trimming,insert,rsq file,185922,208076
Z0366,8,no trimming,insert,rsq file,8411,12862
Z0367,8,no trimming,insert,rsq file,6005,8695
Z0368,8,no trimming,insert,rsq file,74194,81146
Z0369,8,no trimming,insert,rsq file,295194,320074
Z0370,8,no trimming,insert,rsq file,55972,115119
Z0371,8,no trimming,insert,rsq file,34607,37339
Z0372,8,no trimming,insert,rsq file,1805,4059
Z0373,8,no trimming,insert,rsq file,1103,4999
Z0374,8,no trimming,insert,rsq file,4507,16934
Z0375,8,no trimming,insert,rsq file,148351,152447
Z0376,8,no trimming,insert,rsq file,4731,25657
Z0377,8,no trimming,insert,rsq file,13006,15850
Z0378,8,no trimming,insert,rsq file,11659,16874
Z0379,8,no trimming,insert,rsq file,959,4157
Z0380,8,no trimming,insert,rsq file,3486,13094
Z0381,8,no trimming,insert,rsq file,4676,16174
Z0382,8,no trimming,insert,rsq file,1327,2361
Z0383,8,no trimming,insert,rsq file,2466,8221
Z0384,8,no trimming,insert,rsq file,26227,46803
Z0385,8,no trimming,insert,rsq file,11327,20948
Z0386,8,no trimming,insert,rsq file,136696,158083
Z0387,8,no trimming,insert,rsq file,5653,11690
Z0388,8,no trimming,insert,rsq file,3559,12178
Z0389,8,no trimming,insert,rsq file,7883,13850
Z0390,8,no trimming,insert,rsq file,1980,5950
Z0391,8,no trimming,insert,rsq file,3640,14607
Z0392,8,no trimming,insert,rsq file,7126,28483
Z0393,8,no trimming,insert,rsq file,4125,13313
Z0394,8,no trimming,insert,rsq file,72060,77869
Z0395,8,no trimming,insert,rsq file,2536,4673
Z0396,8,no trimming,insert,rsq file,1900,8733
Z0397,8,no trimming,insert,rsq file,8216,13231
Z0398,8,no trimming,insert,rsq file,14926,17880
Z0399,8,no trimming,insert,rsq file,902762,914273
Z0400,8,no trimming,insert,rsq file,8784,22891
Z0401,8,no trimming,insert,rsq file,5155,10467
Z0402,8,no trimming,insert,rsq file,2163,3946
Z0403,8,no trimming,insert,rsq file,11129,15399
Z0404,8,no trimming,insert,rsq file,7280,8698
Z0405,8,no trimming,insert,rsq file,125674,150357
Z0406,8,no trimming,insert,rsq file,10882,15044
Z0407,8,no trimming,insert,rsq file,1192,2340
Z0408,8,no trimming,insert,rsq file,733,2853
Z0409,8,no trimming,insert,rsq file,663,2729
Z0410,8,no trimming,insert,rsq file,1867,5490
Z0411,8,no trimming,insert,rsq file,30932,42401
Z0412,8,no trimming,insert,rsq file,3864,7829
Z0413,8,no trimming,insert,rsq file,16665,25574
Z0414,8,no trimming,insert,rsq file,1724,5911
Z0415,8,no trimming,insert,rsq file,1726428,1731038
Z0416,8,no trimming,insert,rsq file,2667,7993
Z0417,8,no trimming,insert,rsq file,984,2974
Z0418,8,no trimming,insert,rsq file,6446,12517
Z0419,8,no trimming,insert,rsq file,5908,19272
Z0420,8,no trimming,insert,rsq file,50895,72646
Z0421,8,no trimming,insert,rsq file,8748,27252
Z0422,8,no trimming,insert,rsq file,1708,6148
Z0423,8,no trimming,insert,rsq file,941,4057
Z0424,8,no trimming,insert,rsq file,39173,43966
Z0425,8,no trimming,insert,rsq file,20495,32702
Z0426,8,no trimming,insert,rsq file,3485,7411
Z0427,8,no trimming,insert,rsq file,6812,7889
Z0428,8,no trimming,insert,rsq file,13825,19149
Z0429,8,no trimming,insert,rsq file,1148,3771
Z0430,8,no trimming,insert,rsq file,7902,14150
Z0431,8,no trimming,insert,rsq file,31839,35437
Z0432,8,no trimming,insert,rsq file,1150,3680
Z0433,8,no trimming,insert,rsq file,3448,5401
Z0434,8,no trimming,insert,rsq file,4076,20042
Z0435,8,no trimming,insert,rsq file,1976,5143
Z0436,8,no trimming,insert,rsq file,9316,26700
Z0437,8,no trimming,insert,rsq file,142877,159097
Z0438,8,no trimming,insert,rsq file,34537,37379
Z0439,8,no trimming,insert,rsq file,3785,6816
Z0440,8,no trimming,insert,rsq file,10029,27219
Z0441,8,no trimming,insert,rsq file,11038,16744
Z0442,8,no trimming,insert,rsq file,3887,8741
Z0443,8,no trimming,insert,rsq file,2318,5056
Z0444,8,no trimming,insert,rsq file,2129,5838
Z0445,8,no trimming,insert,rsq file,3132,13152
Z0446,8,no trimming,insert,rsq file,16485,21798
Z0447,8,no trimming,insert,rsq file,21203,24556
Z0448,8,no trimming,insert,rsq file,9266,26558
Z0449,8,no trimming,insert,rsq file,8871,11173
Z0450,8,no trimming,insert,rsq file,1813579,1831154
Z0451,8,no trimming,insert,rsq file,6706,10487
Z0452,8,no trimming,insert,rsq file,2224,6096
Z0453,8,no trimming,insert,rsq file,5736,18177
Z0454,8,no trimming,insert,rsq file,5327,16857
Z0455,8,no trimming,insert,rsq file,5646,28217
Z0456,8,no trimming,insert,rsq file,10532,15437
Z0457,8,no trimming,insert,rsq file,124088,127837
Z0458,8,no trimming,insert,rsq file,48877,57088
Z0459,8,no trimming,insert,rsq file,15101,24358
Z0460,8,no trimming,insert,rsq file,2341,8976
Z0461,8,no trimming,insert,rsq file,5374,6292
Z0462,8,no trimming,insert,rsq file,3577,7172
Z0463,8,no trimming,insert,rsq file,19561,22438
Z0464,8,no trimming,insert,rsq file,13606,19187
Z0465,8,no trimming,insert,rsq file,7624,20481
Z0466,8,no trimming,insert,rsq file,3070,11811
Z0467,8,no trimming,insert,rsq file,425604,431326
Z0468,8,no trimming,insert,rsq file,122003,125621
Z0469,8,no trimming,insert,rsq file,2471,4415
Z0470,8,no trimming,insert,rsq file,3757,8966
Z0471,8,no trimming,insert,rsq file,2966,4339
Z0472,8,no trimming,insert,rsq file,3531,7532
Z0473,8,no trimming,insert,rsq file,6717,21841
Z0474,8,no trimming,insert,rsq file,19758,27392
Z0475,8,no trimming,insert,rsq file,1883,6526
Z0476,8,no trimming,insert,rsq file,2173,9625
Z0477,8,no trimming,insert,rsq file,20607,37171
Z0478,8,no trimming,insert,rsq file,2791,4807
Z0479,8,no trimming,insert,rsq file,18025,49353
Z0480,8,no trimming,insert,rsq file,6240,11005
Z0481,8,no trimming,insert,rsq file,799,3554
Z0482,8,no trimming,insert,rsq file,8342,24115
Z0483,8,no trimming,insert,rsq file,3025,7748
Z0484,8,no trimming,insert,rsq file,21586,23164
Z0485,8,no trimming,insert,rsq file,53100,55548
Z0486,8,no trimming,insert,rsq file,181438,200165
Z0487,8,no trimming,insert,rsq file,21703,26566
Z0488,8,no trimming,insert,rsq file,7189,11236
Z0489,8,no trimming,insert,rsq file,5302,10952
Z0490,8,no trimming,insert,rsq file,2246,13216
Z0491,8,no trimming,insert,rsq file,1388,3743
Z0492,8,no trimming,insert,rsq file,5262,10103
Z0493,8,no trimming,insert,rsq file,237194,241350
Z0494,8,no trimming,insert,rsq file,5825,11891
Z0495,8,no trimming,insert,rsq file,7988,15144
Z0496,8,no trimming,insert,rsq file,7985,10898
Z0497,8,no trimming,insert,rsq file,3565,7502
Z0498,8,no trimming,insert,rsq file,3745,8317
Z0499,8,no trimming,insert,rsq file,3189,7228
Z0500,8,no trimming,insert,rsq file,7040,11216
Z0501,8,no trimming,insert,rsq file,4406,8709
Z0502,8,no trimming,insert,rsq file,263658,278805
Z0503,8,no trimming,insert,rsq file,4411,11531
Z0504,8,no trimming,insert,rsq file,879560,882555
Z0505,8,no trimming,insert,rsq file,88510,90550
Z0506,8,no trimming,insert,rsq file,13579,16376
Z0507,8,no trimming,insert,rsq file,9747,14562
Z0508,8,no trimming,insert,rsq file,1130,3891
Z0509,8,no trimming,insert,rsq file,6376,7069
Z0510,8,no trimming,insert,rsq file,76933,82961
Z0511,8,no trimming,insert,rsq file,5082,17654
Z0512,8,no trimming,insert,rsq file,6990,12112
Z0513,8,no trimming,insert,rsq file,3660,18878
Z0514,8,no trimming,insert,rsq file,8530,12413
Z0515,8,no trimming,insert,rsq file,647503,661298
Z0516,8,no trimming,insert,rsq file,5982,18751
Z0517,8,no trimming,insert,rsq file,4872,15489
Z0518,8,no trimming,insert,rsq file,1336,6060
Z0519,8,no trimming,insert,rsq file,7490,20130
Z0520,8,no trimming,insert,rsq file,30674,31628
Z0521,8,no trimming,insert,rsq file,8922,11837
Z0522,8,no trimming,insert,rsq file,3299,8454
Z0523,8,no trimming,insert,rsq file,2119,4765
Z0524,8,no trimming,insert,rsq file,45560,66433
Z0525,8,no trimming,insert,rsq file,4758,15944
Z0526,8,no trimming,insert,rsq file,21301,23833
Z0527,8,no trimming,insert,rsq file,442317,448781
Z0528,8,no trimming,insert,rsq file,2702,14395
Z0529,8,no trimming,insert,rsq file,23166,29785
Z0530,8,no trimming,insert,rsq file,7322,12724
Z0531,8,no trimming,insert,rsq file,8327,10882
Z0532,8,no trimming,insert,rsq file,19159,24178
Z0533,8,no trimming,insert,rsq file,32684,51587
Z0534,8,no trimming,insert,rsq file,3490,6471
Z0535,8,no trimming,insert,rsq file,7482,12540
Z0536,8,no trimming,insert,rsq file,47842,53817
Z0537,8,no trimming,insert,rsq file,2394,6293
Z0538,8,no trimming,insert,rsq file,2681,4554
Z0539,8,no trimming,insert,rsq file,6065,19216
Z0540,8,no trimming,insert,rsq file,4408,6190
Z0541,8,no trimming,insert,rsq file,6717,7789
Z0542,8,no trimming,insert,rsq file,23918,27721
Z0543,8,no trimming,insert,rsq file,401,1979
Z0544,8,no trimming,insert,rsq file,1470,5293
Z0545,8,no trimming,insert,rsq file,17127,22618
Z0546,8,no trimming,insert,rsq file,29394,32739
Z0547,8,no trimming,insert,rsq file,4062,14101
Z0548,8,no trimming,insert,rsq file,20069,24289
Z0549,8,no trimming,insert,rsq file,3263,7308
Z0550,8,no trimming,insert,rsq file,11796,57870
Z0551,8,no trimming,insert,rsq file,40754,44180
Z0552,8,no trimming,insert,rsq file,590,3070
Z0553,8,no trimming,insert,rsq file,239443,244395
Z0554,8,no trimming,insert,rsq file,6251,8004
Z0555,8,no trimming,insert,rsq file,8021,11818
Z0556,8,no trimming,insert,rsq file,4235,9608
Z0557,8,no trimming,insert,rsq file,3351,6658
Z0558,8,no trimming,insert,rsq file,28947,32721
Z0559,8,no trimming,insert,rsq file,5971,9926
Z0560,8,no trimming,insert,rsq file,86932,108847
Z0561,8,no trimming,insert,rsq file,90826,96032
Z0562,8,no trimming,insert,rsq file,193158,211264
Z0563,8,no trimming,insert,rsq file,1810,7257
Z0564,8,no trimming,insert,rsq file,6972,11637
Z0565,8,no trimming,insert,rsq file,21164,25437
Z0566,8,no trimming,insert,rsq file,11174,16291
Z0567,8,no trimming,insert,rsq file,3419,8485
Z0568,8,no trimming,insert,rsq file,52895,57760
Z0569,8,no trimming,insert,rsq file,21950,40304
Z0570,8,no trimming,insert,rsq file,2230,6105
Z0571,8,no trimming,insert,rsq file,516095,524568
Z0572,8,no trimming,insert,rsq file,10079,15509
Z0573,8,no trimming,insert,rsq file,27309,46040
Z0574,8,no trimming,insert,rsq file,9158,20807
Z0575,8,no trimming,insert,rsq file,737,2630
Z0576,8,no trimming,insert,rsq file,40715,58227
Z0577,8,no trimming,insert,rsq file,7228,9747
Z0578,8,no trimming,insert,rsq file,8474,12551
Z0579,8,no trimming,insert,rsq file,15149,20962
Z0580,8,no trimming,insert,rsq file,3820,10539
Z0581,8,no trimming,insert,rsq file,4315,9917
Z0582,8,no trimming,insert,rsq file,12212,28942
Z0583,8,no trimming,insert,rsq file,6343,16441
Z0584,8,no trimming,insert,rsq file,5841,8936
Z0585,8,no trimming,insert,rsq file,26811,30060
Z0586,8,no trimming,insert,rsq file,2978,6912
Z0587,8,no trimming,insert,rsq file,14979,25776
Z0588,8,no trimming,insert,rsq file,5235,7152
Z0589,8,no trimming,insert,rsq file,27866,33347
Z0590,8,no trimming,insert,rsq file,11759,14624
Z0591,8,no trimming,insert,rsq file,4268,8408
Z0592,8,no trimming,insert,rsq file,88783,95023
Z0593,8,no trimming,insert,rsq file,218562,224872
Z0594,8,no trimming,insert,rsq file,40004,41493
Z0595,8,no trimming,insert,rsq file,12620,15747
Z0596,8,no trimming,insert,rsq file,11233,34792
Z0597,8,no trimming,insert,rsq file,7547,12589
Z0598,8,no trimming,insert,rsq file,87669,104943
Z0599,8,no trimming,insert,rsq file,45169,55351
Z0600,8,no trimming,insert,rsq file,7518,12367
Z0601,8,no trimming,insert,rsq file,3002,7627
Z0602,8,no trimming,insert,rsq file,2399,5749
Z0603,8,no trimming,insert,rsq file,78607,89926
Z0604,8,no trimming,insert,rsq file,495,842
Z0605,8,no trimming,insert,rsq file,8519,9564
Z0606,8,no trimming,insert,rsq file,2896,4770
Z0607,8,no trimming,insert,rsq file,22642,28236
Z0608,8,no trimming,insert,rsq file,1924,4079
Z0609,8,no trimming,insert,rsq file,3376,6145
Z0610,8,no trimming,insert,rsq file,1941,4958
Z0611,8,no trimming,insert,rsq file,2022,6421
Z0612,8,no trimming,insert,rsq file,1778,4144
Z0613,8,no trimming,insert,rsq file,15618,29255
Z0614,8,no trimming,insert,rsq file,4428,5687
Z0615,8,no trimming,insert,rsq file,3444,7329
Z0616,8,no trimming,insert,rsq file,780,2147
Z0617,8,no trimming,insert,rsq file,9816,13833
Z0618,8,no trimming,insert,rsq file,1061,5123
Z0619,8,no trimming,insert,rsq file,7200,20826
Z0620,8,no trimming,insert,rsq file,122101,132623
Z0621,8,no trimming,insert,rsq file,377,1245
Z0622,8,no trimming,insert,rsq file,5042,13333
Z0623,8,no trimming,insert,rsq file,6964,20193
Z0624,8,no trimming,insert,rsq file,72382,77340
Z0625,8,no trimming,insert,rsq file,16505,20122
Z0626,8,no trimming,insert,rsq file,1780,3243
Z0627,8,no trimming,insert,rsq file,2987,11580
Z0628,8,no trimming,insert,rsq file,16192,20918
Z0629,8,no trimming,insert,rsq file,2551,7840
Z0630,8,no trimming,insert,rsq file,3974,7381
Z0631,8,no trimming,insert,rsq file,1477,5776
Z0632,8,no trimming,insert,rsq file,5008,15861
Z0633,8,no trimming,insert,rsq file,9697,17345
Z0634,8,no trimming,insert,rsq file,23078,25823
Z0635,8,no trimming,insert,rsq file,59140,69473
Z0636,8,no trimming,insert,rsq file,2849,10511
Z0637,8,no trimming,insert,rsq file,9429,14504
Z0638,8,no trimming,insert,rsq file,5016,17305
Z0639,8,no trimming,insert,rsq file,1705,5091
Z0640,8,no trimming,insert,rsq file,9180,25897
Z0641,8,no trimming,insert,rsq file,5999,12177
Z0642,8,no trimming,insert,rsq file,2438,5612
Z0643,8,no trimming,insert,rsq file,452540,455986
Z0644,8,no trimming,insert,rsq file,17757,24573
Z0645,8,no trimming,insert,rsq file,11141,40700
Z0646,8,no trimming,insert,rsq file,3521,13467
Z0647,8,no trimming,insert,rsq file,1708502,1718202
Z0648,8,no trimming,insert,rsq file,1590262,1602375
Z0649,8,no trimming,insert,rsq file,6149,7858
Z0650,8,no trimming,insert,rsq file,3356,7036
Z0651,8,no trimming,insert,rsq file,9671,21785
Z0652,8,no trimming,insert,rsq file,1758,8622
Z0653,8,no trimming,insert,rsq file,429318,444731
Z0654,8,no trimming,insert,rsq file,143306,158714
Z0655,8,no trimming,insert,rsq file,4101,8467
Z0656,8,no trimming,insert,rsq file,6313,13261
Z0657,8,no trimming,insert,rsq file,918,3966
Z0658,8,no trimming,insert,rsq file,10107,13156
Z0659,8,no trimming,insert,rsq file,4971,18335
Z0660,8,no trimming,insert,rsq file,19676,54485
Z0661,8,no trimming,insert,rsq file,447543,456689
Z0662,8,no trimming,insert,rsq file,1379,1947
Z0663,8,no trimming,insert,rsq file,7720,16888
Z0664,8,no trimming,insert,rsq file,829319,832157
Z0665,8,no trimming,insert,rsq file,2126,4968
Z0666,8,no trimming,insert,rsq file,28247,32860
Z0667,8,no trimming,insert,rsq file,9609,15690
Z0668,8,no trimming,insert,rsq file,16565,27990
Z0669,8,no trimming,insert,rsq file,7329,24225
Z0670,8,no trimming,insert,rsq file,20669,56317
Z0671,8,no trimming,insert,rsq file,68089,85770
Z0672,8,no trimming,insert,rsq file,17925,25018
Z0673,8,no trimming,insert,rsq file,442,1334
Z0674,8,no trimming,insert,rsq file,25666,34056
Z0675,8,no trimming,insert,rsq file,3238,13397
Z0676,8,no trimming,insert,rsq file,22058,26384
Z0677,8,no trimming,insert,rsq file,1221,3624
Z0678,8,no trimming,insert,rsq file,908,2104
Z0679,8,no trimming,insert,rsq file,679,2535
Z0680,8,no trimming,insert,rsq file,15473,18318
Z0681,8,no trimming,insert,rsq file,4288,16207
Z0682,8,no trimming,insert,rsq file,274309,278565
Z0683,8,no trimming,insert,rsq file,111964,120164
Z0684,8,no trimming,insert,rsq file,638,1671
Z0685,8,no trimming,insert,rsq file,3002,4950
Z0686,8,no trimming,insert,rsq file,2670,9130
Z0687,8,no trimming,insert,rsq file,54345,64374
Z0688,8,no trimming,insert,rsq file,4831,22648
Z0689,8,no trimming,insert,rsq file,23795,51109
Z0690,8,no trimming,insert,rsq file,54851,69499
Z0691,8,no trimming,insert,rsq file,3275,12242
Z0692,8,no trimming,insert,rsq file,2086,8875
Z0693,8,no trimming,insert,rsq file,2175,6657
Z0694,8,no trimming,insert,rsq file,1818,2795
Z0695,8,no trimming,insert,rsq file,1864,9216
Z0696,8,no trimming,insert,rsq file,25484,39015
Z0697,8,no trimming,insert,rsq file,6977,9859
Z0698,8,no trimming,insert,rsq file,2334,4914
Z0699,8,no trimming,insert,rsq file,1452,7900
Z0700,8,no trimming,insert,rsq file,12728,16177
Z0701,8,no trimming,insert,rsq file,65977,71808
Z0702,8,no trimming,insert,rsq file,4531,7274
Z0703,8,no trimming,insert,rsq file,31156,33439
Z0704,8,no trimming,insert,rsq file,115100,119907
Z0705,8,no trimming,insert,rsq file,2193,3142
Z0706,8,no trimming,insert,rsq file,5295,16463
Z0707,8,no trimming,insert,rsq file,36848,53393
Z0708,8,no trimming,insert,rsq file,1380,4494
Z0709,8,no trimming,insert,rsq file,24834,27421
Z0710,8,no trimming,insert,rsq file,46173,57530
Z0711,8,no trimming,insert,rsq file,90358,93830
Z0712,8,no trimming,insert,rsq file,4560,5754
Z0713,8,no trimming,insert,rsq file,1631,5377
Z0714,8,no trimming,insert,rsq file,2879,7097
Z0715,8,no trimming,insert,rsq file,34850,52528
Z0716,8,no trimming,insert,rsq file,16971,20177
Z0717,8,no trimming,insert,rsq file,11296,25159
Z0718,8,no trimming,insert,rsq file,6526,14580
Z0719,8,no trimming,insert,rsq file,3874,5239
Z0720,8,no trimming,insert,rsq file,7986,11293
Z0721,8,no trimming,insert,rsq file,15765,18703
Z0722,8,no trimming,insert,rsq file,1848,7017
Z0723,8,no trimming,insert,rsq file,5912,19656
Z0724,8,no trimming,insert,rsq file,6975604,6999490
Z0725,8,no trimming,insert,rsq file,4500,6777
Z0726,8,no trimming,insert,rsq file,5852,14980
Z0727,8,no trimming,insert,rsq file,5778,15350
Z0728,8,no trimming,insert,rsq file,79278,80856
Z0729,8,no trimming,insert,rsq file,27960,93002
Z0730,8,no trimming,insert,rsq file,241666,252217
Z0731,8,no trimming,insert,rsq file,366808,369587
Z0732,8,no trimming,insert,rsq file,5849,19068
Z0733,8,no trimming,insert,rsq file,123078,129450
Z0734,8,no trimming,insert,rsq file,14942,18131
Z0735,8,no trimming,insert,rsq file,1495,6554
Z0736,8,no trimming,insert,rsq file,1666,4641
Z0737,8,no trimming,insert,rsq file,2884,6777
Z0738,8,no trimming,insert,rsq file,9244,13246
Z0739,8,no trimming,insert,rsq file,29391,34515
Z0740,8,no trimming,insert,rsq file,4876,7049
Z0741,8,no trimming,insert,rsq file,18644,22847
Z0742,8,no trimming,insert,rsq file,1962,11907
Z0743,8,no trimming,insert,rsq file,2769,8754
Z0744,8,no trimming,insert,rsq file,38968,43262
Z0745,8,no trimming,insert,rsq file,5849,12945
Z0746,8,no trimming,insert,rsq file,787976,794550
Z0747,8,no trimming,insert,rsq file,9109,12742
Z0748,8,no trimming,insert,rsq file,1113,5316
Z0749,8,no trimming,insert,rsq file,10579,27737
Z0750,8,no trimming,insert,rsq file,4357,7159
Z0751,8,no trimming,insert,rsq file,8410,12081
Z0752,8,no trimming,insert,rsq file,14298,18012
Z0753,8,no trimming,insert,rsq file,2353,7026
Z0754,8,no trimming,insert,rsq file,10932,13912
Z0755,8,no trimming,insert,rsq file,6065219,6096744
Z0756,8,no trimming,insert,rsq file,20588,23689
Z0757,8,no trimming,insert,rsq file,16106,27049
Z0758,8,no trimming,insert,rsq file,15154,19260
Z0759,8,no trimming,insert,rsq file,11868,19357
Z0760,8,no trimming,insert,rsq file,6494,12528
Z0761,8,no trimming,insert,rsq file,387187,393651
Z0762,8,no trimming,insert,rsq file,148594,152353
Z0763,8,no trimming,insert,rsq file,1771,2800
Z0764,8,no trimming,insert,rsq file,12196,15281
Z0765,8,no trimming,insert,rsq file,1309,3832
Z0766,8,no trimming,insert,rsq file,1745,8222
Z0767,8,no trimming,insert,rsq file,36360,42587
Z0768,8,no trimming,insert,rsq file,1368,4180
Z0769,8,no trimming,insert,rsq file,10135,22120
Z0770,8,no trimming,insert,rsq file,25570,33463
Z0771,8,no trimming,insert,rsq file,2963,9426
Z0772,8,no trimming,insert,rsq file,3949,10966
Z0773,8,no trimming,insert,rsq file,8663,19506
Z0774,8,no trimming,insert,rsq file,5924,32227
Z0775,8,no trimming,insert,rsq file,4143,7135
Z0776,8,no trimming,insert,rsq file,6734,9447
Z0777,8,no trimming,insert,rsq file,1839,6538
Z0778,8,no trimming,insert,rsq file,24997,44028
Z0779,8,no trimming,insert,rsq file,1181,7770
Z0780,8,no trimming,insert,rsq file,223658,306153
Z0781,8,no trimming,insert,rsq file,12235,20316
Z0782,8,no trimming,insert,rsq file,388772,394641
Z0783,8,no trimming,insert,rsq file,37856,44340
Z0784,8,no trimming,insert,rsq file,2374,12583
Z0785,8,no trimming,insert,rsq file,5203,10892
Z0786,8,no trimming,insert,rsq file,10132,17208
Z0787,8,no trimming,insert,rsq file,16633,19719
Z0788,8,no trimming,insert,rsq file,4452,12207
Z0789,8,no trimming,insert,rsq file,2580,5515
Z0790,8,no trimming,insert,rsq file,15931,40728
Z0791,8,no trimming,insert,rsq file,783,2108
Z0792,8,no trimming,insert,rsq file,3603,9330
Z0793,8,no trimming,insert,rsq file,28252,46569
Z0794,8,no trimming,insert,rsq file,46168,47408
Z0795,8,no trimming,insert,rsq file,19619,25363
Z0796,8,no trimming,insert,rsq file,80720,92186
Z0797,8,no trimming,insert,rsq file,9478,17741
Z0798,8,no trimming,insert,rsq file,34935,52953
Z0799,8,no trimming,insert,rsq file,1338,4750
Z0800,8,no trimming,insert,rsq file,2888868,2916286
Z0801,8,no trimming,insert,rsq file,105588,107679
Z0802,8,no trimming,insert,rsq file,23040,29190
Z0803,8,no trimming,insert,rsq file,6591,10097
Z0804,8,no trimming,insert,rsq file,688,2160
Z0805,8,no trimming,insert,rsq file,97002,129248
Z0806,8,no trimming,insert,rsq file,4766,15894
Z0807,8,no trimming,insert,rsq file,1850,3831
Z0808,8,no trimming,insert,rsq file,22133,23759
Z0809,8,no trimming,insert,rsq file,3611,9323
Z0810,8,no trimming,insert,rsq file,33131,55393
Z0811,8,no trimming,insert,rsq file,7612,9582
Z0812,8,no trimming,insert,rsq file,26078,28101
Z0813,8,no trimming,insert,rsq file,13956,17259
Z0814,8,no trimming,insert,rsq file,13584,19399
Z0815,8,no trimming,insert,rsq file,9247,16338
Z0816,8,no trimming,insert,rsq file,3502,13491
Z0817,8,no trimming,insert,rsq file,4940,10919
Z0818,8,no trimming,insert,rsq file,1526,2706
Z0819,8,no trimming,insert,rsq file,6914,22593
Z0820,8,no trimming,insert,rsq file,4156,15164
Z0821,8,no trimming,insert,rsq file,4628,5647
Z0822,8,no trimming,insert,rsq file,7716,29738
Z0823,8,no trimming,insert,rsq file,3573,18947
Z0824,8,no trimming,insert,rsq file,26228,32192
Z0825,8,no trimming,insert,rsq file,9427,11758
Z0826,8,no trimming,insert,rsq file,2352,6033
Z0827,8,no trimming,insert,rsq file,15958,24535
Z0828,8,no trimming,insert,rsq file,32185,195108
Z0829,8,no trimming,insert,rsq file,8321,14564
Z0830,8,no trimming,insert,rsq file,4074,10597
Z0831,8,no trimming,insert,rsq file,16343,26682
Z0832,8,no trimming,insert,rsq file,2808,5024
Z0833,8,no trimming,insert,rsq file,7638,10808
Z0834,8,no trimming,insert,rsq file,2612,8603
Z0835,8,no trimming,insert,rsq file,15369,31650
Z0836,8,no trimming,insert,rsq file,5286,10770
Z0837,8,no trimming,insert,rsq file,7315,41986
Z0838,8,no trimming,insert,rsq file,2351023,2363322
Z0839,8,no trimming,insert,rsq file,2559,10516
Z0840,8,no trimming,insert,rsq file,792,1321
Z0841,8,no trimming,insert,rsq file,2067,5901
Z0842,8,no trimming,insert,rsq file,37256,39249
Z0843,8,no trimming,insert,rsq file,412,1487
Z0844,8,no trimming,insert,rsq file,67486,295561
Z0845,8,no trimming,insert,rsq file,1152,3743
Z0846,8,no trimming,insert,rsq file,3260,10975
Z0847,8,no trimming,insert,rsq file,5159,22047
Z0848,8,no trimming,insert,rsq file,4826,6772
Z0849,8,no trimming,insert,rsq file,3089,8737
Z0850,8,no trimming,insert,rsq file,1569,3647
Z0851,8,no trimming,insert,rsq file,3610,5798
Z0852,8,no trimming,insert,rsq file,6924,16743
Z0853,8,no trimming,insert,rsq file,145055,148307
Z0854,8,no trimming,insert,rsq file,19716,28227
Z0855,8,no trimming,insert,rsq file,14140,16612
Z0856,8,no trimming,insert,rsq file,3097,7737
Z0857,8,no trimming,insert,rsq file,3759,4927
Z0858,8,no trimming,insert,rsq file,955,4063
Z0859,8,no trimming,insert,rsq file,1083864,1128953
Z0860,8,no trimming,insert,rsq file,274305,287088
Z0861,8,no trimming,insert,rsq file,4959,7725
Z0862,8,no trimming,insert,rsq file,2526,9065
Z0863,8,no trimming,insert,rsq file,2790,4366
Z0864,8,no trimming,insert,rsq file,1400,3186
Z0865,8,no trimming,insert,rsq file,10333,24279
Z0866,8,no trimming,insert,rsq file,1399,3386
Z0867,8,no trimming,insert,rsq file,2726,3815
Z0868,8,no trimming,insert,rsq file,73337,84725
Z0869,8,no trimming,insert,rsq file,3472,9350
Z0870,8,no trimming,insert,rsq file,79108,91986
Z0871,8,no trimming,insert,rsq file,6383,11307
Z0872,8,no trimming,insert,rsq file,9338,12560
Z0873,8,no trimming,insert,rsq file,2391,4441
Z0874,8,no trimming,insert,rsq file,1371,7523
Z0875,8,no trimming,insert,rsq file,503824,513326
Z0876,8,no trimming,insert,rsq file,54525,55379
Z0877,8,no trimming,insert,rsq file,2040,5165
Z0878,8,no trimming,insert,rsq file,2679,7417
Z0879,8,no trimming,insert,rsq file,5790,25656
Z0880,8,no trimming,insert,rsq file,10012,13433
Z0881,8,no trimming,insert,rsq file,22659,23413
Z0882,8,no trimming,insert,rsq file,8868,38052
Z0883,8,no trimming,insert,rsq file,7446,14204
Z0884,8,no trimming,insert,rsq file,1548,5332
Z0885,8,no trimming,insert,rsq file,8877,15487
Z0886,8,no trimming,insert,rsq file,15627,26254
Z0887,8,no trimming,insert,rsq file,18841,27643
Z0888,8,no trimming,insert,rsq file,2901,9812
Z0889,8,no trimming,insert,rsq file,40117,49299
Z0890,8,no trimming,insert,rsq file,7897,8687
Z0891,8,no trimming,insert,rsq file,1171,5718
Z0892,8,no trimming,insert,rsq file,5360,13775
Z0893,8,no trimming,insert,rsq file,3742,6284
Z0894,8,no trimming,insert,rsq file,2717,12136
Z0895,8,no trimming,insert,rsq file,8481,31260
Z0896,8,no trimming,insert,rsq file,1022,4266
Z0897,8,no trimming,insert,rsq file,1477,4415
Z0898,8,no trimming,insert,rsq file,9192,24609
Z0899,8,no trimming,insert,rsq file,6963,16780
Z0900,8,no trimming,insert,rsq file,2447,9825
Z0901,8,no trimming,insert,rsq file,535190,540934
Z0902,8,no trimming,insert,rsq file,7363,12999
Z0903,8,no trimming,insert,rsq file,15878,42420
Z0904,8,no trimming,insert,rsq file,2171,4435
Z0905,8,no trimming,insert,rsq file,4135,23629
Z0906,8,no trimming,insert,rsq file,30200,31652
Z0907,8,no trimming,insert,rsq file,2165400,2246123
Z0908,8,no trimming,insert,rsq file,1107,2769
Z0909,8,no trimming,insert,rsq file,22387,24924
Z0910,8,no trimming,insert,rsq file,7811,16153
Z0911,8,no trimming,insert,rsq file,3165,5496
Z0912,8,no trimming,insert,rsq file,92291,97342
Z0913,8,no trimming,insert,rsq file,2229,6064
Z0914,8,no trimming,insert,rsq file,1343,3985
Z0915,8,no trimming,insert,rsq file,2552,4285
Z0916,8,no trimming,insert,rsq file,3151,11856
Z0917,8,no trimming,insert,rsq file,9063,18588
Z0918,8,no trimming,insert,rsq file,1999,7192
Z0919,8,no trimming,insert,rsq file,17547,31592
Z0920,8,no trimming,insert,rsq file,6497,21551
Z0921,8,no trimming,insert,rsq file,26182,30050
Z0922,8,no trimming,insert,rsq file,161704,162970
Z0923,8,no trimming,insert,rsq file,287231,333292
Z0924,8,no trimming,insert,rsq file,1017,6105
Z0925,8,no trimming,insert,rsq file,9630,19476
Z0926,8,no trimming,insert,rsq file,6647,35840
Z0927,8,no trimming,insert,rsq file,203133,217999
Z0928,8,no trimming,insert,rsq file,22325,24035
Z0929,8,no trimming,insert,rsq file,1274457,1316849
Z0930,8,no trimming,insert,rsq file,2301,5445
Z0931,8,no trimming,insert,rsq file,3188,8492
Z0932,8,no trimming,insert,rsq file,7906,28339
Z0933,8,no trimming,insert,rsq file,194677,211269
Z0934,8,no trimming,insert,rsq file,31684,37698
Z0935,8,no trimming,insert,rsq file,2605,3765
Z0936,8,no trimming,insert,rsq file,5240,6286
Z0937,8,no trimming,insert,rsq file,196163,206343
Z0938,8,no trimming,insert,rsq file,2105,8469
Z0939,8,no trimming,insert,rsq file,8795,18969
Z0940,8,no trimming,insert,rsq file,9869,11654
Z0941,8,no trimming,insert,rsq file,55715,60611
Z0942,8,no trimming,insert,rsq file,3556,10719
Z0943,8,no trimming,insert,rsq file,16674,17534
Z0944,8,no trimming,insert,rsq file,110051,131642
Z0945,8,no trimming,insert,rsq file,2741,7397
Z0946,8,no trimming,insert,rsq file,699615,713277
Z0947,8,no trimming,insert,rsq file,999,1814
Z0948,8,no trimming,insert,rsq file,2196,5967
Z0949,8,no trimming,insert,rsq file,3293,11611
Z0950,8,no trimming,insert,rsq file,19464,29954
Z0951,8,no trimming,insert,rsq file,29082,35836
Z0952,8,no trimming,insert,rsq file,5956,12695
Z0953,8,no trimming,insert,rsq file,26736,34861
Z0954,8,no trimming,insert,rsq file,9306,10608
Z0955,8,no trimming,insert,rsq file,23534,25471
Z0956,8,no trimming,insert,rsq file,10998,20896
Z0957,8,no trimming,insert,rsq file,27825,34951
Z0958,8,no trimming,insert,rsq file,1594,3322
Z0959,8,no trimming,insert,rsq file,3634,10375
Z0960,8,no trimming,insert,rsq file,800561,838344
Z0961,8,no trimming,insert,rsq file,3130,7459
Z0962,8,no trimming,insert,rsq file,27664,37286
Z0963,8,no trimming,insert,rsq file,62694,82237
Z0964,8,no trimming,insert,rsq file,6877,8445
Z0965,8,no trimming,insert,rsq file,1938,6835
Z0966,8,no trimming,insert,rsq file,20121,34925
Z0967,8,no trimming,insert,rsq file,10150,35993
Z0968,8,no trimming,insert,rsq file,6339,8120
Z0969,8,no trimming,insert,rsq file,230721,237474
Z0970,8,no trimming,insert,rsq file,52069,61095
Z0971,8,no trimming,insert,rsq file,3446,19703
Z0972,8,no trimming,insert,rsq file,1918,6863
Z0973,8,no trimming,insert,rsq file,18008,21692
Z0974,8,no trimming,insert,rsq file,1344,4004
Z0975,8,no trimming,insert,rsq file,8350,16007
Z0976,8,no trimming,insert,rsq file,117232,127365
Z0977,8,no trimming,insert,rsq file,7822,26448
Z0978,8,no trimming,insert,rsq file,90793,102827
Z0979,8,no trimming,insert,rsq file,579,1281
Z0980,8,no trimming,insert,rsq file,4067,12582
Z0981,8,no trimming,insert,rsq file,17704,22998
Z0982,8,no trimming,insert,rsq file,8368,15880
Z0983,8,no trimming,insert,rsq file,3545,15529
Z0984,8,no trimming,insert,rsq file,9015,19107
Z0985,8,no trimming,insert,rsq file,2823,11480
Z0986,8,no trimming,insert,rsq file,9951,12078
Z0987,8,no trimming,insert,rsq file,888,2592
Z0988,8,no trimming,insert,rsq file,2852,9270
Z0989,8,no trimming,insert,rsq file,8222,35888
Z0990,8,no trimming,insert,rsq file,501864,509559
Z0991,8,no trimming,insert,rsq file,1953,3471
Z0992,8,no trimming,insert,rsq file,9796,11822
Z0993,8,no trimming,insert,rsq file,1222,3488
Z0994,8,no trimming,insert,rsq file,356692,397271
Z0995,8,no trimming,insert,rsq file,4674,9561
Z0996,8,no trimming,insert,rsq file,58760,76158
Z0997,8,no trimming,insert,rsq file,3065,8722
Z0998,8,no trimming,insert,rsq file,15674,17296
Z0999,8,no trimming,insert,rsq file,3222,4931
Z1000,8,no trimming,insert,rsq file,55519,57776
Z1001,8,no trimming,insert,rsq file,239717,327618
Z1002,8,no trimming,insert,rsq file,4346,6311
Z1003,8,no trimming,insert,rsq file,1867,6745
Z1004,8,no trimming,insert,rsq file,866,3879
Z1005,8,no trimming,insert,rsq file,4071,10026
Z1006,8,no trimming,insert,rsq file,2376,7003
Z1007,8,no trimming,insert,rsq file,8655,15348
Z1008,8,no trimming,insert,rsq file,21753,24174
Z1009,8,no trimming,insert,rsq file,2515,5580
Z1010,8,no trimming,insert,rsq file,4444,23029
Z1011,8,no trimming,insert,rsq file,2062,9026
Z1012,8,no trimming,insert,rsq file,2227,8348
Z1013,8,no trimming,insert,rsq file,2901,9678
Z1014,8,no trimming,insert,rsq file,19683,31872
Z1015,8,no trimming,insert,rsq file,16264,22866
Z1016,8,no trimming,insert,rsq file,116440,182855
Z1017,8,no trimming,insert,rsq file,3234,8355
Z1018,8,no trimming,insert,rsq file,3066,11147
Z1019,8,no trimming,insert,rsq file,3699,5595
Z1020,8,no trimming,insert,rsq file,2288,8533
Z1021,8,no trimming,insert,rsq file,5337,9536
Z1022,8,no trimming,insert,rsq file,5211,8286
Z1023,8,no trimming,insert,rsq file,8591,50880
Z1024,8,no trimming,insert,rsq file,13725,19312
Z1025,8,no trimming,insert,rsq file,4373,12523
Z1026,8,no trimming,insert,rsq file,2168,8081
Z1027,8,no trimming,insert,rsq file,2272,8185
Z1028,8,no trimming,insert,rsq file,10765,15704
Z1029,8,no trimming,insert,rsq file,54699,65257
Z1030,8,no trimming,insert,rsq file,15442,24422
Z1031,8,no trimming,insert,rsq file,1094,6431
Z1032,8,no trimming,insert,rsq file,4235,9416
Z1033,8,no trimming,insert,rsq file,23240,31554
Z1034,8,no trimming,insert,rsq file,64839,66552
Z1035,8,no trimming,insert,rsq file,24244,26080
Z1036,8,no trimming,insert,rsq file,95478,103686
Z1037,8,no trimming,insert,rsq file,20128,24125
Z1038,8,no trimming,insert,rsq file,2047,10023
Z1039,8,no trimming,insert,rsq file,2498,8128
Z1040,8,no trimming,insert,rsq file,9391,14558
Z1041,8,no trimming,insert,rsq file,3426,10855
Z1042,8,no trimming,insert,rsq file,4217,7864
Z1043,8,no trimming,insert,rsq file,2477,3947
Z1044,8,no trimming,insert,rsq file,4651,6944
Z1045,8,no trimming,insert,rsq file,3039318,3178224
Z1046,8,no trimming,insert,rsq file,2881,9041
Z1047,8,no trimming,insert,rsq file,996,3107
Z1048,8,no trimming,insert,rsq file,139496,166236
Z1049,8,no trimming,insert,rsq file,99735,108012
Z1050,8,no trimming,insert,rsq file,2072,9685
Z1051,8,no trimming,insert,rsq file,2399,9050
Z1052,8,no trimming,insert,rsq file,2451,6803
Z1053,8,no trimming,insert,rsq file,66287,74935
Z1054,8,no trimming,insert,rsq file,28356,29937
Z1055,8,no trimming,insert,rsq file,66418,78033
Z1056,8,no trimming,insert,rsq file,73136,75418
Z1057,8,no trimming,insert,rsq file,65712,76400
Z1058,8,no trimming,insert,rsq file,2639,10311
Z1059,8,no trimming,insert,rsq file,5280,14992
Z1060,8,no trimming,insert,rsq file,1171191,1287244
Z1061,8,no trimming,insert,rsq file,8148,10143
Z1062,8,no trimming,insert,rsq file,12203,21183
Z1063,8,no trimming,insert,rsq file,2466,9204
Z1064,8,no trimming,insert,rsq file,68709,80970
Z1065,8,no trimming,insert,rsq file,736692,745009
Z1066,8,no trimming,insert,rsq file,1627,3570
Z1067,8,no trimming,insert,rsq file,548481,589734
Z1068,8,no trimming,insert,rsq file,11305,13927
Z1069,8,no trimming,insert,rsq file,2605,4930
Z1070,8,no trimming,insert,rsq file,503614,2054372
Z1071,8,no trimming,insert,rsq file,2295,8505
Z1072,8,no trimming,insert,rsq file,188942,225080
Z1073,8,no trimming,insert,rsq file,5106,12257
Z1074,8,no trimming,insert,rsq file,562,1078
Z1075,8,no trimming,insert,rsq file,60332,66609
Z1076,8,no trimming,insert,rsq file,3685,11724
Z1077,8,no trimming,insert,rsq file,2913,10367
Z1078,8,no trimming,insert,rsq file,7236,10458
Z1079,8,no trimming,insert,rsq file,11811,15159
Z1080,8,no trimming,insert,rsq file,6022,8882
Z1081,8,no trimming,insert,rsq file,11347,13293
Z1082,8,no trimming,insert,rsq file,4693,11377
Z1083,8,no trimming,insert,rsq file,209271,216811
Z1084,8,no trimming,insert,rsq file,20914,22782
Z1085,8,no trimming,insert,rsq file,7395,8896
Z1086,8,no trimming,insert,rsq file,2177,4814
Z1087,8,no trimming,insert,rsq file,1075,2449
Z1088,8,no trimming,insert,rsq file,3746,4769
Z1089,8,no trimming,insert,rsq file,3839,5488
Z1090,8,no trimming,insert,rsq file,5288097,5318183
Z1091,8,no trimming,insert,rsq file,1440,2997
Z1092,8,no trimming,insert,rsq file,5319,14091
Z1093,8,no trimming,insert,rsq file,9749,43607
Z1094,8,no trimming,insert,rsq file,4239,7527
Z1095,8,no trimming,insert,rsq file,1493,8248
Z1096,8,no trimming,insert,rsq file,5256,13509
Z1097,8,no trimming,insert,rsq file,8002,9826
Z1098,8,no trimming,insert,rsq file,5366,21648
Z1099,8,no trimming,insert,rsq file,19791,38776
Z1100,8,no trimming,insert,rsq file,3974,15135
Z1101,8,no trimming,insert,rsq file,2538,8050
Z1102,8,no trimming,insert,rsq file,12436,19205
Z1103,8,no trimming,insert,rsq file,4894,6364
Z1104,8,no trimming,insert,rsq file,221512,229001
Z1105,8,no trimming,insert,rsq file,42830,44143
Z1106,8,no trimming,insert,rsq file,17955,35403
Z1107,8,no trimming,insert,rsq file,3447,5985
Z1108,8,no trimming,insert,rsq file,119690,139582
Z1109,8,no trimming,insert,rsq file,7309,9902
Z1110,8,no trimming,insert,rsq file,1475,3428
Z1111,8,no trimming,insert,rsq file,16153,19144
Z1112,8,no trimming,insert,rsq file,19928,45273
Z1113,8,no trimming,insert,rsq file,4343,8796
Z1114,8,no trimming,insert,rsq file,923,3548
Z1115,8,no trimming,insert,rsq file,2758,7161
Z1116,8,no trimming,insert,rsq file,4028,13010
Z1117,8,no trimming,insert,rsq file,19621,33160
Z1118,8,no trimming,insert,rsq file,304769,308094
Z1119,8,no trimming,insert,rsq file,104470,106370
Z1120,8,no trimming,insert,rsq file,11943,42343
Z1121,8,no trimming,insert,rsq file,12197,35236
Z1122,8,no trimming,insert,rsq file,4830,6512
Z1123,8,no trimming,insert,rsq file,41373,53290
Z1124,8,no trimming,insert,rsq file,267882,278402
Z1125,8,no trimming,insert,rsq file,8435,10159
Z1126,8,no trimming,insert,rsq file,14539,18239
Z1127,8,no trimming,insert,rsq file,21152,23727
Z1128,8,no trimming,insert,rsq file,8499,22734
Z1129,8,no trimming,insert,rsq file,11701,17038
Z1130,8,no trimming,insert,rsq file,8025,14580
Z1131,8,no trimming,insert,rsq file,66063,74008
Z1132,8,no trimming,insert,rsq file,36174,45560
Z1133,8,no trimming,insert,rsq file,622,1164
Z1134,8,no trimming,insert,rsq file,46523,72613
Z1135,8,no trimming,insert,rsq file,14716,16439
Z1136,8,no trimming,insert,rsq file,1083,2980
Z1137,8,no trimming,insert,rsq file,2463,6376
Z1138,8,no trimming,insert,rsq file,5793,16231
Z1139,8,no trimming,insert,rsq file,17679,22134
Z1140,8,no trimming,insert,rsq file,2036,9908
Z1141,8,no trimming,insert,rsq file,49017,50670
Z1142,8,no trimming,insert,rsq file,5883,26933
Z1143,8,no trimming,insert,rsq file,48275,55226
Z1144,8,no trimming,insert,rsq file,96448,148415
Z1145,8,no trimming,insert,rsq file,40592,46927
Z1146,8,no trimming,insert,rsq file,39999,46701
Z1147,8,no trimming,insert,rsq file,3554,11408
Z1148,8,no trimming,insert,rsq file,1315,5195
Z1149,8,no trimming,insert,rsq file,105270,112787
Z1150,8,no trimming,insert,rsq file,70201,111089
Z1151,8,no trimming,insert,rsq file,84913,89841
Z1152,8,no trimming,insert,rsq file,2390,2766
Z1153,8,no trimming,insert,rsq file,1750,4528
Z1154,8,no trimming,insert,rsq file,2738,10243
Z1155,8,no trimming,insert,rsq file,8297,30134
Z1156,8,no trimming,insert,rsq file,4161,15547
Z1157,8,no trimming,insert,rsq file,2198,3218
Z1158,8,no trimming,insert,rsq file,40953,88040
Z1159,8,no trimming,insert,rsq file,5781,14711
Z1160,8,no trimming,insert,rsq file,5646,22573
Z1161,8,no trimming,insert,rsq file,1663,4755
Z1162,8,no trimming,insert,rsq file,27443,33083
Z1163,8,no trimming,insert,rsq file,6880,14961
Z1164,8,no trimming,insert,rsq file,1603,2968
Z1165,8,no trimming,insert,rsq file,9941,19848
Z1166,8,no trimming,insert,rsq file,5572,13182
Z1167,8,no trimming,insert,rsq file,58354,61878
Z1168,8,no trimming,insert,rsq file,730,2348
Z1169,8,no trimming,insert,rsq file,225519,361296
Z1170,8,no trimming,insert,rsq file,624431,627813
Z1171,8,no trimming,insert,rsq file,993,4125
Z1172,8,no trimming,insert,rsq file,5704,7928
Z1173,8,no trimming,insert,rsq file,104168,123234
Z1174,8,no trimming,insert,rsq file,43380,65571
Z1175,8,no trimming,insert,rsq file,31031,32942
Z1176,8,no trimming,insert,rsq file,10133,11257
Z1177,8,no trimming,insert,rsq file,13898,24051
Z1178,8,no trimming,insert,rsq file,2799,7185
Z1179,8,no trimming,insert,rsq file,3856,11143
Z1180,8,no trimming,insert,rsq file,13443,14688
Z1181,8,no trimming,insert,rsq file,4124,10167
Z1182,8,no trimming,insert,rsq file,10684,27327
Z1183,8,no trimming,insert,rsq file,3058,5534
Z1184,8,no trimming,insert,rsq file,11285,12671
Z1185,8,no trimming,insert,rsq file,1618,3953
Z1186,8,no trimming,insert,rsq file,11114,13253
Z1187,8,no trimming,insert,rsq file,20099,33756
Z1188,8,no trimming,insert,rsq file,1128,3352
Z1189,8,no trimming,insert,rsq file,11690,15540
Z1190,8,no trimming,insert,rsq file,3664,4384
Z1191,8,no trimming,insert,rsq file,1284,5751
Z1192,8,no trimming,insert,rsq file,3408,8391
Z1193,8,no trimming,insert,rsq file,1449,3105
Z1194,8,no trimming,insert,rsq file,37883,41046
Z1195,8,no trimming,insert,rsq file,227460,233954
Z1196,8,no trimming,insert,rsq file,10317,29284
Z1197,8,no trimming,insert,rsq file,50890,59470
Z1198,8,no trimming,insert,rsq file,2634,11974
Z1199,8,no trimming,insert,rsq file,15043,25049
Z1200,8,no trimming,insert,rsq file,2191,13160
Z1201,8,no trimming,insert,rsq file,4297,5919
Z1202,8,no trimming,insert,rsq file,4608738,4952261
Z1203,8,no trimming,insert,rsq file,1010,3046
Z1204,8,no trimming,insert,rsq file,11778,20663
Z1205,8,no trimming,insert,rsq file,289565,297904
Z1206,8,no trimming,insert,rsq file,65437,82781
Z1207,8,no trimming,insert,rsq file,32154,37141
Z1208,8,no trimming,insert,rsq file,22546,24601
Z1209,8,no trimming,insert,rsq file,18791,32428
Z1210,8,no trimming,insert,rsq file,244758,254875
Z1211,8,no trimming,insert,rsq file,3474,11426
Z1212,8,no trimming,insert,rsq file,63187,70881
Z1213,8,no trimming,insert,rsq file,4019,21998
Z1214,8,no trimming,insert,rsq file,74327,76070
Z1215,8,no trimming,insert,rsq file,8594,27791
Z1216,8,no trimming,insert,rsq file,5392,12702
Z1217,8,no trimming,insert,rsq file,3947,13627
Z1218,8,no trimming,insert,rsq file,134031,145420
Z1219,8,no trimming,insert,rsq file,1907,6046
Z1220,8,no trimming,insert,rsq file,19852457,20168619
Z1221,8,no trimming,insert,rsq file,4541,14931
Z1222,8,no trimming,insert,rsq file,581897,589382
Z1223,8,no trimming,insert,rsq file,8485,29006
Z1224,8,no trimming,insert,rsq file,3899,5153
Z1225,8,no trimming,insert,rsq file,6370,9146
Z1226,8,no trimming,insert,rsq file,3438,8078
Z1227,8,no trimming,insert,rsq file,1717,5387
Z1228,8,no trimming,insert,rsq file,143593,163307
Z1229,8,no trimming,insert,rsq file,483509,692083
Z1230,8,no trimming,insert,rsq file,536,1878
Z1231,8,no trimming,insert,rsq file,6965,8636
Z1232,8,no trimming,insert,rsq file,322514,324113
Z1233,8,no trimming,insert,rsq file,25192,28560
Z1234,8,no trimming,insert,rsq file,44399,59574
Z1235,8,no trimming,insert,rsq file,8715,9795
Z1236,8,no trimming,insert,rsq file,9013,18055
Z1237,8,no trimming,insert,rsq file,12662,31319
Z1238,8,no trimming,insert,rsq file,2714,13799
Z1239,8,no trimming,insert,rsq file,3265,8298
Z1240,8,no trimming,insert,rsq file,207346,323236
Z1241,8,no trimming,insert,rsq file,2682,9303
Z1242,8,no trimming,insert,rsq file,3695,10739
Z1243,8,no trimming,insert,rsq file,3924,13385
Z1244,8,no trimming,insert,rsq file,1683,9254
Z1245,8,no trimming,insert,rsq file,3489,7470
Z1246,8,no trimming,insert,rsq file,8079704,8165768
Z1247,8,no trimming,insert,rsq file,4544,6987
Z1248,8,no trimming,insert,rsq file,3131,4030
Z1249,8,no trimming,insert,rsq file,8729,15101
Z1250,8,no trimming,insert,rsq file,4920,7774
Z1251,8,no trimming,insert,rsq file,44452,52129
Z1252,8,no trimming,insert,rsq file,3843983,3955351
Z1253,8,no trimming,insert,rsq file,12321,22056
Z1254,8,no trimming,insert,rsq file,7203,28942
Z1255,8,no trimming,insert,rsq file,563,1050
Z1256,8,no trimming,insert,rsq file,6534,11951
Z1257,8,no trimming,insert,rsq file,106916,124676
Z1258,8,no trimming,insert,rsq file,6736,16601
Z1259,8,no trimming,insert,rsq file,25569,45519
Z1260,8,no trimming,insert,rsq file,17774,20352
Z1261,8,no trimming,insert,rsq file,3930,5332
Z1262,8,no trimming,insert,rsq file,1795,4090
Z1263,8,no trimming,insert,rsq file,3986,5945
Z1264,8,no trimming,insert,rsq file,41484,44935
Z1265,8,no trimming,insert,rsq file,12346,34317
Z1266,8,no trimming,insert,rsq file,10799,30787
Z1267,8,no trimming,insert,rsq file,371,1597
Z1268,8,no trimming,insert,rsq file,8221,60192
Z1269,8,no trimming,insert,rsq file,7353,20988
Z1270,8,no trimming,insert,rsq file,5412,16015
Z1271,8,no trimming,insert,rsq file,2165,5928
Z1272,8,no trimming,insert,rsq file,4466,17326
Z1273,8,no trimming,insert,rsq file,12577,38235
Z1274,8,no trimming,insert,rsq file,18353,29694
Z1275,8,no trimming,insert,rsq file,6616,18148
Z1276,8,no trimming,insert,rsq file,3189,10206
Z1277,8,no trimming,insert,rsq file,1109,2668
Z1278,8,no trimming,insert,rsq file,93931,600720
Z1279,8,no trimming,insert,rsq file,671021,674207
Z1280,8,no trimming,insert,rsq file,2009,7075
Z1281,8,no trimming,insert,rsq file,714621,727371
Z1282,8,no trimming,insert,rsq file,9433,22504
Z1283,8,no trimming,insert,rsq file,1101,3229
Z1284,8,no trimming,insert,rsq file,8135,19221
Z1285,8,no trimming,insert,rsq file,3652,5842
Z1286,8,no trimming,insert,rsq file,2069,9781
Z1287,8,no trimming,insert,rsq file,407403,416765
Z1288,8,no trimming,insert,rsq file,119525,263651
Z1289,8,no trimming,insert,rsq file,5387,6635
Z1290,8,no trimming,insert,rsq file,2422,3304
Z1291,8,no trimming,insert,rsq file,14089,30853
Z1292,8,no trimming,insert,rsq file,2687,9350
Z1293,8,no trimming,insert,rsq file,31289,42400
Z1294,8,no trimming,insert,rsq file,140807,149145
Z1295,8,no trimming,insert,rsq file,18316,19306
Z1296,8,no trimming,insert,rsq file,17850,22513
Z1297,8,no trimming,insert,rsq file,43680,65199
Z1298,8,no trimming,insert,rsq file,1562,8565
Z1299,8,no trimming,insert,rsq file,3172,16068
Z1300,8,no trimming,insert,rsq file,19174,23623
Z1301,8,no trimming,insert,rsq file,206620,213587
Z1302,8,no trimming,insert,rsq file,1439,2746
Z1303,8,no trimming,insert,rsq file,8290,9854
Z1304,8,no trimming,insert,rsq file,629,2427
Z1305,8,no trimming,insert,rsq file,1180,1803
Z1306,8,no trimming,insert,rsq file,6433,15026
Z1307,8,no trimming,insert,rsq file,2798,4436
Z1308,8,no trimming,insert,rsq file,49976,81142
Z1309,8,no trimming,insert,rsq file,3984,9510
Z1310,8,no trimming,insert,rsq file,1925,9308
Z1311,8,no trimming,insert,rsq file,4367,7220
Z1312,8,no trimming,insert,rsq file,9421,19773
Z1313,8,no trimming,insert,rsq file,316556,321100
Z1314,8,no trimming,insert,rsq file,465,1835
Z1315,8,no trimming,insert,rsq file,16745,25180
Z1316,8,no trimming,insert,rsq file,2448,8250
Z1317,8,no trimming,insert,rsq file,722,2857
Z1318,8,no trimming,insert,rsq file,11808,16379
Z1319,8,no trimming,insert,rsq file,3107,7176
Z1320,8,no trimming,insert,rsq file,3896,12541
Z1321,8,no trimming,insert,rsq file,16927,19508
Z1322,8,no trimming,insert,rsq file,1439045,1458507
Z1323,8,no trimming,insert,rsq file,6982,8295
Z1324,8,no trimming,insert,rsq file,11408,22201
Z1325,8,no trimming,insert,rsq file,850627,887488
Z1326,8,no trimming,insert,rsq file,227262,243209
Z1327,8,no trimming,insert,rsq file,403712,405999
Z1328,8,no trimming,insert,rsq file,9201,11059
Z1329,8,no trimming,insert,rsq file,29358,34727
Z1330,8,no trimming,insert,rsq file,4099,12037
Z1331,8,no trimming,insert,rsq file,2293,7879
Z1332,8,no trimming,insert,rsq file,560541,569255
Z1333,8,no trimming,insert,rsq file,4266,12278
Z1334,8,no trimming,insert,rsq file,2253,9487
Z1335,8,no trimming,insert,rsq file,225189,232460
Z1336,8,no trimming,insert,rsq file,16938,22203
Z1337,8,no trimming,insert,rsq file,1595,8604
Z1338,8,no trimming,insert,rsq file,80322,89533
Z1339,8,no trimming,insert,rsq file,21135,26905
Z1340,8,no trimming,insert,rsq file,6103,13407
Z1341,8,no trimming,insert,rsq file,1445,1920
Z1342,8,no trimming,insert,rsq file,6530,15910
Z1343,8,no trimming,insert,rsq file,4554,9607
Z1344,8,no trimming,insert,rsq file,18476,28237
Z1345,8,no trimming,insert,rsq file,1440336,1453686
Z1346,8,no trimming,insert,rsq file,734121,759343
Z1347,8,no trimming,insert,rsq file,10866,50689
Z1348,8,no trimming,insert,rsq file,3441,3999
Z1349,8,no trimming,insert,rsq file,913,3038
Z1350,8,no trimming,insert,rsq file,2133,6672
Z1351,8,no trimming,insert,rsq file,2922,6109
Z1352,8,no trimming,insert,rsq file,8895,17127
Z1353,8,no trimming,insert,rsq file,4697,7580
Z1354,8,no trimming,insert,rsq file,18138,31969
Z1355,8,no trimming,insert,rsq file,4744,10556
Z1356,8,no trimming,insert,rsq file,2738,9225
Z1357,8,no trimming,insert,rsq file,6746244,6764609
Z1358,8,no trimming,insert,rsq file,5634,7052
Z1359,8,no trimming,insert,rsq file,16730,19442
Z1360,8,no trimming,insert,rsq file,15287,19833
Z1361,8,no trimming,insert,rsq file,10255,18478
Z1362,8,no trimming,insert,rsq file,39846,42601
Z1363,8,no trimming,insert,rsq file,2967,5636
Z1364,8,no trimming,insert,rsq file,2965,7489
Z1365,8,no trimming,insert,rsq file,10272,38126
Z1366,8,no trimming,insert,rsq file,12628,18323
Z1367,8,no trimming,insert,rsq file,96551,147867
Z1368,8,no trimming,insert,rsq file,4059,4581
Z1369,8,no trimming,insert,rsq file,2958,12671
Z1370,8,no trimming,insert,rsq file,14025,15345
Z1371,8,no trimming,insert,rsq file,6244,14495
Z1372,8,no trimming,insert,rsq file,6803,21803
Z1373,8,no trimming,insert,rsq file,20469,22895
Z1374,8,no trimming,insert,rsq file,2158,3957
Z1375,8,no trimming,insert,rsq file,1790,9023
Z1376,8,no trimming,insert,rsq file,4037,6442
Z1377,8,no trimming,insert,rsq file,7389,8635
Z1378,8,no trimming,insert,rsq file,3326,7214
Z1379,8,no trimming,insert,rsq file,47738,60109
Z1380,8,no trimming,insert,rsq file,8259,10720
Z1381,8,no trimming,insert,rsq file,41253,46798
Z1382,8,no trimming,insert,rsq file,3053,17761
Z1383,8,no trimming,insert,rsq file,2254,4413
Z1384,8,no trimming,insert,rsq file,1505207,1567219
Z1385,8,no trimming,insert,rsq file,1994,8995
Z1386,8,no trimming,insert,rsq file,10616,17996
Z1387,8,no trimming,insert,rsq file,11464,30736
Z1388,8,no trimming,insert,rsq file,21251,21577
Z1389,8,no trimming,insert,rsq file,8928,20956
Z1390,8,no trimming,insert,rsq file,45600,46945
Z1391,8,no trimming,insert,rsq file,4671,12809
Z1392,8,no trimming,insert,rsq file,1571,6118
Z1393,8,no trimming,insert,rsq file,23673,27283
Z1394,8,no trimming,insert,rsq file,3089,14430
Z1395,8,no trimming,insert,rsq file,363071,372180
Z1396,8,no trimming,insert,rsq file,1827,5071
Z1397,8,no trimming,insert,rsq file,8264,25857
Z1398,8,no trimming,insert,rsq file,436,1640
Z1399,8,no trimming,insert,rsq file,40966,44416
Z1400,8,no trimming,insert,rsq file,44066,56146
Z1401,8,no trimming,insert,rsq file,12759,35060
Z1402,8,no trimming,insert,rsq file,12476,32312
Z1403,8,no trimming,insert,rsq file,163705,174901
Z1404,8,no trimming,insert,rsq file,680,1115
Z1405,8,no trimming,insert,rsq file,26530,28508
Z1406,8,no trimming,insert,rsq file,2276,3865
Z1407,8,no trimming,insert,rsq file,2270,7797
Z1408,8,no trimming,insert,rsq file,3215,12255
Z1409,8,no trimming,insert,rsq file,9032,19754
Z1410,8,no trimming,insert,rsq file,25386,29191
Z1411,8,no trimming,insert,rsq file,11594,17275
Z1412,8,no trimming,insert,rsq file,2515,8505
Z1413,8,no trimming,insert,rsq file,58060,72859
Z1414,8,no trimming,insert,rsq file,9245,34965
Z1415,8,no trimming,insert,rsq file,5540,9631
Z1416,8,no trimming,insert,rsq file,19159,29716
Z1417,8,no trimming,insert,rsq file,7024,35581
Z1418,8,no trimming,insert,rsq file,1784,9184
Z1419,8,no trimming,insert,rsq file,3496,6443
Z1420,8,no trimming,insert,rsq file,217720,290308
Z1421,8,no trimming,insert,rsq file,34911,48444
Z1422,8,no trimming,insert,rsq file,9051,17545
Z1423,8,no trimming,insert,rsq file,29540,33376
Z1424,8,no trimming,insert,rsq file,6111,9132
Z1425,8,no trimming,insert,rsq file,3299,5457
Z1426,8,no trimming,insert,rsq file,215179,233122
Z1427,8,no trimming,insert,rsq file,7518,18380
Z1428,8,no trimming,insert,rsq file,7674,15164
Z1429,8,no trimming,insert,rsq file,558,1854
Z1430,8,no trimming,insert,rsq file,8862,24504
Z1431,8,no trimming,insert,rsq file,4324,5411
Z1432,8,no trimming,insert,rsq file,74065,88740
Z1433,8,no trimming,insert,rsq file,12013,20075
Z1434,8,no trimming,insert,rsq file,68014,113638
Z1435,8,no trimming,insert,rsq file,2490,8260
Z1436,8,no trimming,insert,rsq file,7755,14442
Z1437,8,no trimming,insert,rsq file,890126,1868278
Z1438,8,no trimming,insert,rsq file,10420,24531
Z1439,8,no trimming,insert,rsq file,68866,71745
Z1440,8,no trimming,insert,rsq file,45953,55162
Z1441,8,no trimming,insert,rsq file,242079,247820
Z1442,8,no trimming,insert,rsq file,5197,10624
Z1443,8,no trimming,insert,rsq file,260982,261798
Z1444,8,no trimming,insert,rsq file,1892,8965
Z1445,8,no trimming,insert,rsq file,14905,24313
Z1446,8,no trimming,insert,rsq file,30185,35411
Z1447,8,no trimming,insert,rsq file,5229,8046
Z1448,8,no trimming,insert,rsq file,298096,299981
Z1449,8,no trimming,insert,rsq file,1694,4648
Z1450,8,no trimming,insert,rsq file,111429,122832
Z1451,8,no trimming,insert,rsq file,14100,15383
Z1452,8,no trimming,insert,rsq file,236115,237207
Z1453,8,no trimming,insert,rsq file,46024,53255
Z1454,8,no trimming,insert,rsq file,1636435,1650109
Z1455,8,no trimming,insert,rsq file,1642,3018
Z1456,8,no trimming,insert,rsq file,11881,17494
Z1457,8,no trimming,insert,rsq file,354784,421502
Z1458,8,no trimming,insert,rsq file,13190,15353
Z1459,8,no trimming,insert,rsq file,3300,14991
Z1460,8,no trimming,insert,rsq file,2528,8064
Z1461,8,no trimming,insert,rsq file,3718,10213
Z1462,8,no trimming,insert,rsq file,184948,209818
Z1463,8,no trimming,insert,rsq file,9396,15671
Z1464,8,no trimming,insert,rsq file,2535,6303
Z1465,8,no trimming,insert,rsq file,2660,9128
Z1466,8,no trimming,insert,rsq file,12608,17442
Z1467,8,no trimming,insert,rsq file,9235,18509
Z1468,8,no trimming,insert,rsq file,12849,19371
Z1469,8,no trimming,insert,rsq file,3729,5177
Z1470,8,no trimming,insert,rsq file,23285,26261
Z1471,8,no trimming,insert,rsq file,59057,69239
Z1472,8,no trimming,insert,rsq file,6435,12206
Z1473,8,no trimming,insert,rsq file,558,2466
Z1474,8,no trimming,insert,rsq file,15744,24274
Z1475,8,no trimming,insert,rsq file,2481,4155
Z1476,8,no trimming,insert,rsq file,1380,8878
Z1477,8,no trimming,insert,rsq file,2610,10399
Z1478,8,no trimming,insert,rsq file,1830,7255
Z1479,8,no trimming,insert,rsq file,18165,24646
Z1480,8,no trimming,insert,rsq file,23939,34866
Z1481,8,no trimming,insert,rsq file,33853,37794
Z1482,8,no trimming,insert,rsq file,35819,44984
Z1483,8,no trimming,insert,rsq file,24683,34644
Z1484,8,no trimming,insert,rsq file,2156,10874
Z1485,8,no trimming,insert,rsq file,8683,18603
Z1486,8,no trimming,insert,rsq file,1663,9223
Z1487,8,no trimming,insert,rsq file,149041,160527
Z1488,8,no trimming,insert,rsq file,2619,6844
Z1489,8,no trimming,insert,rsq file,1287,2549
Z1490,8,no trimming,insert,rsq file,17599,26066
Z1491,8,no trimming,insert,rsq file,2704,4833
Z1492,8,no trimming,insert,rsq file,4532,14665
Z1493,8,no trimming,insert,rsq file,619019,631926
Z1494,8,no trimming,insert,rsq file,61916,63937
Z1495,8,no trimming,insert,rsq file,8449,10291
Z1496,8,no trimming,insert,rsq file,4548,8663
Z1497,8,no trimming,insert,rsq file,432582,436761
Z1498,8,no trimming,insert,rsq file,5808,13353
Z1499,8,no trimming,insert,rsq file,80753,86059
Z1500,8,no trimming,insert,rsq file,22166,24084
Z1501,8,no trimming,insert,rsq file,4095,15428
Z1502,8,no trimming,insert,rsq file,406,1251
Z1503,8,no trimming,insert,rsq file,834295,836685
Z1504,8,no trimming,insert,rsq file,9671,12777
Z1505,8,no trimming,insert,rsq file,2441,14551
Z1506,8,no trimming,insert,rsq file,119322,128045
Z1507,8,no trimming,insert,rsq file,622,2937
Z1508,8,no trimming,insert,rsq file,1528,3904
Z1509,8,no trimming,insert,rsq file,428,1857
Z1510,8,no trimming,insert,rsq file,4636,9011
Z1511,8,no trimming,insert,rsq file,853,3090
Z1512,8,no trimming,insert,rsq file,6279,12366
Z1513,8,no trimming,insert,rsq file,33283,38439
Z1514,8,no trimming,insert,rsq file,2915,7270
Z1515,8,no trimming,insert,rsq file,3276,6077
Z1516,8,no trimming,insert,rsq file,18052,83898
Z1517,8,no trimming,insert,rsq file,37201,43110
Z1518,8,no trimming,insert,rsq file,9458,21251
Z1519,8,no trimming,insert,rsq file,47720,52454
Z1520,8,no trimming,insert,rsq file,130888,144265
Z1521,8,no trimming,insert,rsq file,16029,21871
Z1522,8,no trimming,insert,rsq file,3371,5724
Z1523,8,no trimming,insert,rsq file,20861,29613
Z1524,8,no trimming,insert,rsq file,5057,18410
Z1525,8,no trimming,insert,rsq file,5125,6633
Z1526,8,no trimming,insert,rsq file,4204,21898
Z1527,8,no trimming,insert,rsq file,6372,36531
Z1528,8,no trimming,insert,rsq file,53269,84894
Z1529,8,no trimming,insert,rsq file,15119,57963
Z1530,8,no trimming,insert,rsq file,68257,75015
Z1531,8,no trimming,insert,rsq file,6929,11513
Z1532,8,no trimming,insert,rsq file,2193,6759
Z1533,8,no trimming,insert,rsq file,48176,78735
Z1534,8,no trimming,insert,rsq file,19082,27903
Z1535,8,no trimming,insert,rsq file,66379,76701
Z1536,8,no trimming,insert,rsq file,1591,3878
none,101,trim preamble and single Ultima barcode,barcode,sequence was too short,5288667,11960700447
none,103,trim preamble and single Ultima barcode,barcode,no match,402299403,11960700447
none,107,trim preamble and single Ultima barcode,barcode,ambiguous match,136158178,11960700447
